
Actividad V.elf:     file format elf32-avr

Sections:
Idx Name          Size      VMA       LMA       File off  Algn
  0 .data         00000052  00800100  0000125e  000012f2  2**0
                  CONTENTS, ALLOC, LOAD, DATA
  1 .text         0000125e  00000000  00000000  00000094  2**1
                  CONTENTS, ALLOC, LOAD, READONLY, CODE
  2 .bss          00000004  00800152  00800152  00001344  2**0
                  ALLOC
  3 .comment      0000005c  00000000  00000000  00001344  2**0
                  CONTENTS, READONLY
  4 .note.gnu.avr.deviceinfo 00000040  00000000  00000000  000013a0  2**2
                  CONTENTS, READONLY
  5 .debug_aranges 00000140  00000000  00000000  000013e0  2**0
                  CONTENTS, READONLY, DEBUGGING
  6 .debug_info   000011a7  00000000  00000000  00001520  2**0
                  CONTENTS, READONLY, DEBUGGING
  7 .debug_abbrev 00000b5b  00000000  00000000  000026c7  2**0
                  CONTENTS, READONLY, DEBUGGING
  8 .debug_line   000009b4  00000000  00000000  00003222  2**0
                  CONTENTS, READONLY, DEBUGGING
  9 .debug_frame  00000280  00000000  00000000  00003bd8  2**2
                  CONTENTS, READONLY, DEBUGGING
 10 .debug_str    000005d0  00000000  00000000  00003e58  2**0
                  CONTENTS, READONLY, DEBUGGING
 11 .debug_loc    00000617  00000000  00000000  00004428  2**0
                  CONTENTS, READONLY, DEBUGGING
 12 .debug_ranges 000000f0  00000000  00000000  00004a3f  2**0
                  CONTENTS, READONLY, DEBUGGING

Disassembly of section .text:

00000000 <__vectors>:
       0:	0c 94 b1 00 	jmp	0x162	; 0x162 <__ctors_end>
       4:	0c 94 28 02 	jmp	0x450	; 0x450 <__vector_1>
       8:	0c 94 ce 00 	jmp	0x19c	; 0x19c <__bad_interrupt>
       c:	0c 94 ce 00 	jmp	0x19c	; 0x19c <__bad_interrupt>
      10:	0c 94 ce 00 	jmp	0x19c	; 0x19c <__bad_interrupt>
      14:	0c 94 ce 00 	jmp	0x19c	; 0x19c <__bad_interrupt>
      18:	0c 94 ce 00 	jmp	0x19c	; 0x19c <__bad_interrupt>
      1c:	0c 94 ce 00 	jmp	0x19c	; 0x19c <__bad_interrupt>
      20:	0c 94 ce 00 	jmp	0x19c	; 0x19c <__bad_interrupt>
      24:	0c 94 ce 00 	jmp	0x19c	; 0x19c <__bad_interrupt>
      28:	0c 94 ce 00 	jmp	0x19c	; 0x19c <__bad_interrupt>
      2c:	0c 94 ce 00 	jmp	0x19c	; 0x19c <__bad_interrupt>
      30:	0c 94 ce 00 	jmp	0x19c	; 0x19c <__bad_interrupt>
      34:	0c 94 ce 00 	jmp	0x19c	; 0x19c <__bad_interrupt>
      38:	0c 94 ce 00 	jmp	0x19c	; 0x19c <__bad_interrupt>
      3c:	0c 94 ce 00 	jmp	0x19c	; 0x19c <__bad_interrupt>
      40:	0c 94 ce 00 	jmp	0x19c	; 0x19c <__bad_interrupt>
      44:	0c 94 ce 00 	jmp	0x19c	; 0x19c <__bad_interrupt>
      48:	0c 94 ce 00 	jmp	0x19c	; 0x19c <__bad_interrupt>
      4c:	0c 94 ce 00 	jmp	0x19c	; 0x19c <__bad_interrupt>
      50:	0c 94 ce 00 	jmp	0x19c	; 0x19c <__bad_interrupt>
      54:	0c 94 37 02 	jmp	0x46e	; 0x46e <__vector_21>
      58:	0c 94 ce 00 	jmp	0x19c	; 0x19c <__bad_interrupt>
      5c:	0c 94 ce 00 	jmp	0x19c	; 0x19c <__bad_interrupt>
      60:	0c 94 ce 00 	jmp	0x19c	; 0x19c <__bad_interrupt>
      64:	0c 94 ce 00 	jmp	0x19c	; 0x19c <__bad_interrupt>

00000068 <__trampolines_end>:
      68:	00 40       	sbci	r16, 0x00	; 0
      6a:	7a 10       	cpse	r7, r10
      6c:	f3 5a       	subi	r31, 0xA3	; 163
      6e:	00 a0       	ldd	r0, Z+32	; 0x20
      70:	72 4e       	sbci	r23, 0xE2	; 226
      72:	18 09       	sbc	r17, r8
      74:	00 10       	cpse	r0, r0
      76:	a5 d4       	rcall	.+2378   	; 0x9c2 <__stack+0xc3>
      78:	e8 00       	.word	0x00e8	; ????
      7a:	00 e8       	ldi	r16, 0x80	; 128
      7c:	76 48       	sbci	r23, 0x86	; 134
      7e:	17 00       	.word	0x0017	; ????
      80:	00 e4       	ldi	r16, 0x40	; 64
      82:	0b 54       	subi	r16, 0x4B	; 75
      84:	02 00       	.word	0x0002	; ????
      86:	00 ca       	rjmp	.-3072   	; 0xfffff488 <__eeprom_end+0xff7ef488>
      88:	9a 3b       	cpi	r25, 0xBA	; 186
      8a:	00 00       	nop
      8c:	00 e1       	ldi	r16, 0x10	; 16
      8e:	f5 05       	cpc	r31, r5
      90:	00 00       	nop
      92:	80 96       	adiw	r24, 0x20	; 32
      94:	98 00       	.word	0x0098	; ????
      96:	00 00       	nop
      98:	40 42       	sbci	r20, 0x20	; 32
      9a:	0f 00       	.word	0x000f	; ????
      9c:	00 00       	nop
      9e:	a0 86       	std	Z+8, r10	; 0x08
      a0:	01 00       	.word	0x0001	; ????
      a2:	00 00       	nop
      a4:	10 27       	eor	r17, r16
      a6:	00 00       	nop
      a8:	00 00       	nop
      aa:	e8 03       	fmulsu	r22, r16
      ac:	00 00       	nop
      ae:	00 00       	nop
      b0:	64 00       	.word	0x0064	; ????
      b2:	00 00       	nop
      b4:	00 00       	nop
      b6:	0a 00       	.word	0x000a	; ????
      b8:	00 00       	nop
      ba:	00 00       	nop
      bc:	01 00       	.word	0x0001	; ????
      be:	00 00       	nop
      c0:	00 00       	nop
      c2:	2c 76       	andi	r18, 0x6C	; 108
      c4:	d8 88       	ldd	r13, Y+16	; 0x10
      c6:	dc 67       	ori	r29, 0x7C	; 124
      c8:	4f 08       	sbc	r4, r15
      ca:	23 df       	rcall	.-442    	; 0xffffff12 <__eeprom_end+0xff7eff12>
      cc:	c1 df       	rcall	.-126    	; 0x50 <__SREG__+0x11>
      ce:	ae 59       	subi	r26, 0x9E	; 158
      d0:	e1 b1       	in	r30, 0x01	; 1
      d2:	b7 96       	adiw	r30, 0x27	; 39
      d4:	e5 e3       	ldi	r30, 0x35	; 53
      d6:	e4 53       	subi	r30, 0x34	; 52
      d8:	c6 3a       	cpi	r28, 0xA6	; 166
      da:	e6 51       	subi	r30, 0x16	; 22
      dc:	99 76       	andi	r25, 0x69	; 105
      de:	96 e8       	ldi	r25, 0x86	; 134
      e0:	e6 c2       	rjmp	.+1484   	; 0x6ae <__mulsf3_pse+0x60>
      e2:	84 26       	eor	r8, r20
      e4:	eb 89       	ldd	r30, Y+19	; 0x13
      e6:	8c 9b       	sbis	0x11, 4	; 17
      e8:	62 ed       	ldi	r22, 0xD2	; 210
      ea:	40 7c       	andi	r20, 0xC0	; 192
      ec:	6f fc       	.word	0xfc6f	; ????
      ee:	ef bc       	out	0x2f, r14	; 47
      f0:	9c 9f       	mul	r25, r28
      f2:	40 f2       	brcs	.-112    	; 0x84 <__trampolines_end+0x1c>
      f4:	ba a5       	ldd	r27, Y+42	; 0x2a
      f6:	6f a5       	ldd	r22, Y+47	; 0x2f
      f8:	f4 90       	lpm	r15, Z
      fa:	05 5a       	subi	r16, 0xA5	; 165
      fc:	2a f7       	brpl	.-54     	; 0xc8 <__trampolines_end+0x60>
      fe:	5c 93       	st	X, r21
     100:	6b 6c       	ori	r22, 0xCB	; 203
     102:	f9 67       	ori	r31, 0x79	; 121
     104:	6d c1       	rjmp	.+730    	; 0x3e0 <usart_print_number+0x58>
     106:	1b fc       	.word	0xfc1b	; ????
     108:	e0 e4       	ldi	r30, 0x40	; 64
     10a:	0d 47       	sbci	r16, 0x7D	; 125
     10c:	fe f5       	brtc	.+126    	; 0x18c <.do_clear_bss_loop>
     10e:	20 e6       	ldi	r18, 0x60	; 96
     110:	b5 00       	.word	0x00b5	; ????
     112:	d0 ed       	ldi	r29, 0xD0	; 208
     114:	90 2e       	mov	r9, r16
     116:	03 00       	.word	0x0003	; ????
     118:	94 35       	cpi	r25, 0x54	; 84
     11a:	77 05       	cpc	r23, r7
     11c:	00 80       	ld	r0, Z
     11e:	84 1e       	adc	r8, r20
     120:	08 00       	.word	0x0008	; ????
     122:	00 20       	and	r0, r0
     124:	4e 0a       	sbc	r4, r30
     126:	00 00       	nop
     128:	00 c8       	rjmp	.-4096   	; 0xfffff12a <__eeprom_end+0xff7ef12a>
     12a:	0c 33       	cpi	r16, 0x3C	; 60
     12c:	33 33       	cpi	r19, 0x33	; 51
     12e:	33 0f       	add	r19, r19
     130:	98 6e       	ori	r25, 0xE8	; 232
     132:	12 83       	std	Z+2, r17	; 0x02
     134:	11 41       	sbci	r17, 0x11	; 17
     136:	ef 8d       	ldd	r30, Y+31	; 0x1f
     138:	21 14       	cp	r2, r1
     13a:	89 3b       	cpi	r24, 0xB9	; 185
     13c:	e6 55       	subi	r30, 0x56	; 86
     13e:	16 cf       	rjmp	.-468    	; 0xffffff6c <__eeprom_end+0xff7eff6c>
     140:	fe e6       	ldi	r31, 0x6E	; 110
     142:	db 18       	sub	r13, r11
     144:	d1 84       	ldd	r13, Z+9	; 0x09
     146:	4b 38       	cpi	r20, 0x8B	; 139
     148:	1b f7       	brvc	.-58     	; 0x110 <__trampolines_end+0xa8>
     14a:	7c 1d       	adc	r23, r12
     14c:	90 1d       	adc	r25, r0
     14e:	a4 bb       	out	0x14, r26	; 20
     150:	e4 24       	eor	r14, r4
     152:	20 32       	cpi	r18, 0x20	; 32
     154:	84 72       	andi	r24, 0x24	; 36
     156:	5e 22       	and	r5, r30
     158:	81 00       	.word	0x0081	; ????
     15a:	c9 f1       	breq	.+114    	; 0x1ce <adc_read+0x20>
     15c:	24 ec       	ldi	r18, 0xC4	; 196
     15e:	a1 e5       	ldi	r26, 0x51	; 81
     160:	3d 27       	eor	r19, r29

00000162 <__ctors_end>:
     162:	11 24       	eor	r1, r1
     164:	1f be       	out	0x3f, r1	; 63
     166:	cf ef       	ldi	r28, 0xFF	; 255
     168:	d8 e0       	ldi	r29, 0x08	; 8
     16a:	de bf       	out	0x3e, r29	; 62
     16c:	cd bf       	out	0x3d, r28	; 61

0000016e <__do_copy_data>:
     16e:	11 e0       	ldi	r17, 0x01	; 1
     170:	a0 e0       	ldi	r26, 0x00	; 0
     172:	b1 e0       	ldi	r27, 0x01	; 1
     174:	ee e5       	ldi	r30, 0x5E	; 94
     176:	f2 e1       	ldi	r31, 0x12	; 18
     178:	02 c0       	rjmp	.+4      	; 0x17e <__do_copy_data+0x10>
     17a:	05 90       	lpm	r0, Z+
     17c:	0d 92       	st	X+, r0
     17e:	a2 35       	cpi	r26, 0x52	; 82
     180:	b1 07       	cpc	r27, r17
     182:	d9 f7       	brne	.-10     	; 0x17a <__do_copy_data+0xc>

00000184 <__do_clear_bss>:
     184:	21 e0       	ldi	r18, 0x01	; 1
     186:	a2 e5       	ldi	r26, 0x52	; 82
     188:	b1 e0       	ldi	r27, 0x01	; 1
     18a:	01 c0       	rjmp	.+2      	; 0x18e <.do_clear_bss_start>

0000018c <.do_clear_bss_loop>:
     18c:	1d 92       	st	X+, r1

0000018e <.do_clear_bss_start>:
     18e:	a6 35       	cpi	r26, 0x56	; 86
     190:	b2 07       	cpc	r27, r18
     192:	e1 f7       	brne	.-8      	; 0x18c <.do_clear_bss_loop>
     194:	0e 94 6e 02 	call	0x4dc	; 0x4dc <main>
     198:	0c 94 2d 09 	jmp	0x125a	; 0x125a <_exit>

0000019c <__bad_interrupt>:
     19c:	0c 94 00 00 	jmp	0	; 0x0 <__vectors>

000001a0 <adc_init>:
#include "adc.h"
#include "config.h"

void adc_init(void) {
	// Configurar AVCC como referencia, ajustar a la izquierda
	ADMUX = (1 << REFS0);
     1a0:	80 e4       	ldi	r24, 0x40	; 64
     1a2:	80 93 7c 00 	sts	0x007C, r24	; 0x80007c <__TEXT_REGION_LENGTH__+0x7f807c>
	
	// Habilitar ADC, prescaler 128 (para 16MHz -> 125KHz)
	ADCSRA = (1 << ADEN) | (1 << ADPS2) | (1 << ADPS1) | (1 << ADPS0);
     1a6:	87 e8       	ldi	r24, 0x87	; 135
     1a8:	80 93 7a 00 	sts	0x007A, r24	; 0x80007a <__TEXT_REGION_LENGTH__+0x7f807a>
     1ac:	08 95       	ret

000001ae <adc_read>:
}

uint16_t adc_read(uint8_t channel) {
	// Seleccionar canal
	ADMUX = (ADMUX & 0xF0) | (channel & 0x0F);
     1ae:	ec e7       	ldi	r30, 0x7C	; 124
     1b0:	f0 e0       	ldi	r31, 0x00	; 0
     1b2:	90 81       	ld	r25, Z
     1b4:	90 7f       	andi	r25, 0xF0	; 240
     1b6:	8f 70       	andi	r24, 0x0F	; 15
     1b8:	89 2b       	or	r24, r25
     1ba:	80 83       	st	Z, r24
	
	// Iniciar conversión
	ADCSRA |= (1 << ADSC);
     1bc:	ea e7       	ldi	r30, 0x7A	; 122
     1be:	f0 e0       	ldi	r31, 0x00	; 0
     1c0:	80 81       	ld	r24, Z
     1c2:	80 64       	ori	r24, 0x40	; 64
     1c4:	80 83       	st	Z, r24
	
	// Esperar a que termine la conversión
	while (ADCSRA & (1 << ADSC));
     1c6:	80 91 7a 00 	lds	r24, 0x007A	; 0x80007a <__TEXT_REGION_LENGTH__+0x7f807a>
     1ca:	86 fd       	sbrc	r24, 6
     1cc:	fc cf       	rjmp	.-8      	; 0x1c6 <adc_read+0x18>
	
	// Retornar valor
	return ADC;
     1ce:	80 91 78 00 	lds	r24, 0x0078	; 0x800078 <__TEXT_REGION_LENGTH__+0x7f8078>
     1d2:	90 91 79 00 	lds	r25, 0x0079	; 0x800079 <__TEXT_REGION_LENGTH__+0x7f8079>
}
     1d6:	08 95       	ret

000001d8 <adc_start_conversion>:

void adc_start_conversion(uint8_t channel) {
	ADMUX = (ADMUX & 0xF0) | (channel & 0x0F);
     1d8:	ec e7       	ldi	r30, 0x7C	; 124
     1da:	f0 e0       	ldi	r31, 0x00	; 0
     1dc:	90 81       	ld	r25, Z
     1de:	90 7f       	andi	r25, 0xF0	; 240
     1e0:	8f 70       	andi	r24, 0x0F	; 15
     1e2:	89 2b       	or	r24, r25
     1e4:	80 83       	st	Z, r24
	ADCSRA |= (1 << ADSC);
     1e6:	ea e7       	ldi	r30, 0x7A	; 122
     1e8:	f0 e0       	ldi	r31, 0x00	; 0
     1ea:	80 81       	ld	r24, Z
     1ec:	80 64       	ori	r24, 0x40	; 64
     1ee:	80 83       	st	Z, r24
     1f0:	08 95       	ret

000001f2 <adc_conversion_complete>:
}

uint8_t adc_conversion_complete(void) {
	return !(ADCSRA & (1 << ADSC));
     1f2:	80 91 7a 00 	lds	r24, 0x007A	; 0x80007a <__TEXT_REGION_LENGTH__+0x7f807a>
     1f6:	82 95       	swap	r24
     1f8:	86 95       	lsr	r24
     1fa:	86 95       	lsr	r24
     1fc:	83 70       	andi	r24, 0x03	; 3
     1fe:	91 e0       	ldi	r25, 0x01	; 1
     200:	89 27       	eor	r24, r25
     202:	81 70       	andi	r24, 0x01	; 1
     204:	08 95       	ret

00000206 <i2c_init>:
	if (i2c_start(dev_addr)) {
		i2c_write(reg_addr);
		i2c_write(data);
		i2c_stop();
	}
}
     206:	10 92 b9 00 	sts	0x00B9, r1	; 0x8000b9 <__TEXT_REGION_LENGTH__+0x7f80b9>
     20a:	88 e4       	ldi	r24, 0x48	; 72
     20c:	80 93 b8 00 	sts	0x00B8, r24	; 0x8000b8 <__TEXT_REGION_LENGTH__+0x7f80b8>
     210:	84 e0       	ldi	r24, 0x04	; 4
     212:	80 93 bc 00 	sts	0x00BC, r24	; 0x8000bc <__TEXT_REGION_LENGTH__+0x7f80bc>
     216:	08 95       	ret

00000218 <i2c_start>:
     218:	94 ea       	ldi	r25, 0xA4	; 164
     21a:	90 93 bc 00 	sts	0x00BC, r25	; 0x8000bc <__TEXT_REGION_LENGTH__+0x7f80bc>
     21e:	90 91 bc 00 	lds	r25, 0x00BC	; 0x8000bc <__TEXT_REGION_LENGTH__+0x7f80bc>
     222:	99 23       	and	r25, r25
     224:	e4 f7       	brge	.-8      	; 0x21e <i2c_start+0x6>
     226:	90 91 b9 00 	lds	r25, 0x00B9	; 0x8000b9 <__TEXT_REGION_LENGTH__+0x7f80b9>
     22a:	98 7f       	andi	r25, 0xF8	; 248
     22c:	98 30       	cpi	r25, 0x08	; 8
     22e:	29 f0       	breq	.+10     	; 0x23a <i2c_start+0x22>
     230:	90 91 b9 00 	lds	r25, 0x00B9	; 0x8000b9 <__TEXT_REGION_LENGTH__+0x7f80b9>
     234:	98 7f       	andi	r25, 0xF8	; 248
     236:	90 31       	cpi	r25, 0x10	; 16
     238:	89 f4       	brne	.+34     	; 0x25c <i2c_start+0x44>
     23a:	88 0f       	add	r24, r24
     23c:	80 93 bb 00 	sts	0x00BB, r24	; 0x8000bb <__TEXT_REGION_LENGTH__+0x7f80bb>
     240:	84 e8       	ldi	r24, 0x84	; 132
     242:	80 93 bc 00 	sts	0x00BC, r24	; 0x8000bc <__TEXT_REGION_LENGTH__+0x7f80bc>
     246:	80 91 bc 00 	lds	r24, 0x00BC	; 0x8000bc <__TEXT_REGION_LENGTH__+0x7f80bc>
     24a:	88 23       	and	r24, r24
     24c:	e4 f7       	brge	.-8      	; 0x246 <i2c_start+0x2e>
     24e:	80 91 b9 00 	lds	r24, 0x00B9	; 0x8000b9 <__TEXT_REGION_LENGTH__+0x7f80b9>
     252:	88 7f       	andi	r24, 0xF8	; 248
     254:	88 31       	cpi	r24, 0x18	; 24
     256:	21 f0       	breq	.+8      	; 0x260 <i2c_start+0x48>
     258:	80 e0       	ldi	r24, 0x00	; 0
     25a:	08 95       	ret
     25c:	80 e0       	ldi	r24, 0x00	; 0
     25e:	08 95       	ret
     260:	81 e0       	ldi	r24, 0x01	; 1
     262:	08 95       	ret

00000264 <i2c_write>:
     264:	80 93 bb 00 	sts	0x00BB, r24	; 0x8000bb <__TEXT_REGION_LENGTH__+0x7f80bb>
     268:	84 e8       	ldi	r24, 0x84	; 132
     26a:	80 93 bc 00 	sts	0x00BC, r24	; 0x8000bc <__TEXT_REGION_LENGTH__+0x7f80bc>
     26e:	80 91 bc 00 	lds	r24, 0x00BC	; 0x8000bc <__TEXT_REGION_LENGTH__+0x7f80bc>
     272:	88 23       	and	r24, r24
     274:	e4 f7       	brge	.-8      	; 0x26e <i2c_write+0xa>
     276:	90 91 b9 00 	lds	r25, 0x00B9	; 0x8000b9 <__TEXT_REGION_LENGTH__+0x7f80b9>
     27a:	98 7f       	andi	r25, 0xF8	; 248
     27c:	81 e0       	ldi	r24, 0x01	; 1
     27e:	98 32       	cpi	r25, 0x28	; 40
     280:	09 f0       	breq	.+2      	; 0x284 <i2c_write+0x20>
     282:	80 e0       	ldi	r24, 0x00	; 0
     284:	08 95       	ret

00000286 <i2c_read_ack>:
     286:	84 ec       	ldi	r24, 0xC4	; 196
     288:	80 93 bc 00 	sts	0x00BC, r24	; 0x8000bc <__TEXT_REGION_LENGTH__+0x7f80bc>
     28c:	80 91 bc 00 	lds	r24, 0x00BC	; 0x8000bc <__TEXT_REGION_LENGTH__+0x7f80bc>
     290:	88 23       	and	r24, r24
     292:	e4 f7       	brge	.-8      	; 0x28c <i2c_read_ack+0x6>
     294:	80 91 bb 00 	lds	r24, 0x00BB	; 0x8000bb <__TEXT_REGION_LENGTH__+0x7f80bb>
     298:	08 95       	ret

0000029a <i2c_read_nack>:
     29a:	84 e8       	ldi	r24, 0x84	; 132
     29c:	80 93 bc 00 	sts	0x00BC, r24	; 0x8000bc <__TEXT_REGION_LENGTH__+0x7f80bc>
     2a0:	80 91 bc 00 	lds	r24, 0x00BC	; 0x8000bc <__TEXT_REGION_LENGTH__+0x7f80bc>
     2a4:	88 23       	and	r24, r24
     2a6:	e4 f7       	brge	.-8      	; 0x2a0 <i2c_read_nack+0x6>
     2a8:	80 91 bb 00 	lds	r24, 0x00BB	; 0x8000bb <__TEXT_REGION_LENGTH__+0x7f80bb>
     2ac:	08 95       	ret

000002ae <i2c_stop>:
     2ae:	84 e9       	ldi	r24, 0x94	; 148
     2b0:	80 93 bc 00 	sts	0x00BC, r24	; 0x8000bc <__TEXT_REGION_LENGTH__+0x7f80bc>
     2b4:	8f e8       	ldi	r24, 0x8F	; 143
     2b6:	91 e0       	ldi	r25, 0x01	; 1
     2b8:	01 97       	sbiw	r24, 0x01	; 1
     2ba:	f1 f7       	brne	.-4      	; 0x2b8 <i2c_stop+0xa>
     2bc:	00 c0       	rjmp	.+0      	; 0x2be <i2c_stop+0x10>
     2be:	00 00       	nop
     2c0:	08 95       	ret

000002c2 <read_lm75_temperature>:

float read_lm75_temperature(void) {
     2c2:	cf 93       	push	r28
     2c4:	df 93       	push	r29
	uint8_t msb, lsb;
	int16_t raw_temp;
	float temperature;
	
	if (i2c_start(LM75_ADDRESS)) {
     2c6:	88 e4       	ldi	r24, 0x48	; 72
     2c8:	0e 94 0c 01 	call	0x218	; 0x218 <i2c_start>
     2cc:	88 23       	and	r24, r24
     2ce:	41 f1       	breq	.+80     	; 0x320 <read_lm75_temperature+0x5e>
		i2c_write(0x00);  // Registro de temperatura
     2d0:	80 e0       	ldi	r24, 0x00	; 0
     2d2:	0e 94 32 01 	call	0x264	; 0x264 <i2c_write>
		
		// RE-start para lectura
		i2c_start(LM75_ADDRESS | 0x01);
     2d6:	89 e4       	ldi	r24, 0x49	; 73
     2d8:	0e 94 0c 01 	call	0x218	; 0x218 <i2c_start>
		
		msb = i2c_read_ack();
     2dc:	0e 94 43 01 	call	0x286	; 0x286 <i2c_read_ack>
     2e0:	c8 2f       	mov	r28, r24
		lsb = i2c_read_nack();
     2e2:	0e 94 4d 01 	call	0x29a	; 0x29a <i2c_read_nack>
     2e6:	d8 2f       	mov	r29, r24
		
		i2c_stop();
     2e8:	0e 94 57 01 	call	0x2ae	; 0x2ae <i2c_stop>
		
		raw_temp = (msb << 8) | lsb;
     2ec:	6c 2f       	mov	r22, r28
     2ee:	70 e0       	ldi	r23, 0x00	; 0
     2f0:	76 2f       	mov	r23, r22
     2f2:	66 27       	eor	r22, r22
     2f4:	6d 2b       	or	r22, r29
		raw_temp >>= 7;  // LM75 tiene 9 bits de resolución
     2f6:	66 0f       	add	r22, r22
     2f8:	67 2f       	mov	r22, r23
     2fa:	66 1f       	adc	r22, r22
     2fc:	77 0b       	sbc	r23, r23
		
		temperature = raw_temp * 0.5;  // Cada bit = 0.5°C
     2fe:	07 2e       	mov	r0, r23
     300:	00 0c       	add	r0, r0
     302:	88 0b       	sbc	r24, r24
     304:	99 0b       	sbc	r25, r25
     306:	0e 94 d6 02 	call	0x5ac	; 0x5ac <__floatsisf>
     30a:	20 e0       	ldi	r18, 0x00	; 0
     30c:	30 e0       	ldi	r19, 0x00	; 0
     30e:	40 e0       	ldi	r20, 0x00	; 0
     310:	5f e3       	ldi	r21, 0x3F	; 63
     312:	0e 94 11 03 	call	0x622	; 0x622 <__mulsf3>
		return temperature;
     316:	56 2f       	mov	r21, r22
     318:	47 2f       	mov	r20, r23
     31a:	38 2f       	mov	r19, r24
     31c:	29 2f       	mov	r18, r25
     31e:	04 c0       	rjmp	.+8      	; 0x328 <read_lm75_temperature+0x66>
	}
	
	return -999.0;  // Error
     320:	50 e0       	ldi	r21, 0x00	; 0
     322:	40 ec       	ldi	r20, 0xC0	; 192
     324:	39 e7       	ldi	r19, 0x79	; 121
     326:	24 ec       	ldi	r18, 0xC4	; 196
     328:	65 2f       	mov	r22, r21
     32a:	74 2f       	mov	r23, r20
     32c:	83 2f       	mov	r24, r19
     32e:	92 2f       	mov	r25, r18
     330:	df 91       	pop	r29
     332:	cf 91       	pop	r28
     334:	08 95       	ret

00000336 <usart_init>:
}

uint8_t usart_receive(void) {
	while (!(UCSR0A & (1 << RXC0)));
	return UDR0;
}
     336:	9b 01       	movw	r18, r22
     338:	ac 01       	movw	r20, r24
     33a:	60 e4       	ldi	r22, 0x40	; 64
     33c:	72 e4       	ldi	r23, 0x42	; 66
     33e:	8f e0       	ldi	r24, 0x0F	; 15
     340:	90 e0       	ldi	r25, 0x00	; 0
     342:	0e 94 cf 03 	call	0x79e	; 0x79e <__udivmodsi4>
     346:	21 50       	subi	r18, 0x01	; 1
     348:	31 09       	sbc	r19, r1
     34a:	30 93 c5 00 	sts	0x00C5, r19	; 0x8000c5 <__TEXT_REGION_LENGTH__+0x7f80c5>
     34e:	20 93 c4 00 	sts	0x00C4, r18	; 0x8000c4 <__TEXT_REGION_LENGTH__+0x7f80c4>
     352:	88 e1       	ldi	r24, 0x18	; 24
     354:	80 93 c1 00 	sts	0x00C1, r24	; 0x8000c1 <__TEXT_REGION_LENGTH__+0x7f80c1>
     358:	86 e0       	ldi	r24, 0x06	; 6
     35a:	80 93 c2 00 	sts	0x00C2, r24	; 0x8000c2 <__TEXT_REGION_LENGTH__+0x7f80c2>
     35e:	08 95       	ret

00000360 <usart_transmit>:
     360:	90 91 c0 00 	lds	r25, 0x00C0	; 0x8000c0 <__TEXT_REGION_LENGTH__+0x7f80c0>
     364:	95 ff       	sbrs	r25, 5
     366:	fc cf       	rjmp	.-8      	; 0x360 <usart_transmit>
     368:	80 93 c6 00 	sts	0x00C6, r24	; 0x8000c6 <__TEXT_REGION_LENGTH__+0x7f80c6>
     36c:	08 95       	ret

0000036e <usart_print_string>:

void usart_print_string(const char* str) {
     36e:	cf 93       	push	r28
     370:	df 93       	push	r29
     372:	ec 01       	movw	r28, r24
	while (*str) {
     374:	03 c0       	rjmp	.+6      	; 0x37c <usart_print_string+0xe>
		usart_transmit(*str++);
     376:	21 96       	adiw	r28, 0x01	; 1
     378:	0e 94 b0 01 	call	0x360	; 0x360 <usart_transmit>
	while (!(UCSR0A & (1 << RXC0)));
	return UDR0;
}

void usart_print_string(const char* str) {
	while (*str) {
     37c:	88 81       	ld	r24, Y
     37e:	81 11       	cpse	r24, r1
     380:	fa cf       	rjmp	.-12     	; 0x376 <usart_print_string+0x8>
		usart_transmit(*str++);
	}
}
     382:	df 91       	pop	r29
     384:	cf 91       	pop	r28
     386:	08 95       	ret

00000388 <usart_print_number>:

void usart_print_number(uint16_t num) {
     388:	0f 93       	push	r16
     38a:	1f 93       	push	r17
     38c:	cf 93       	push	r28
     38e:	df 93       	push	r29
     390:	cd b7       	in	r28, 0x3d	; 61
     392:	de b7       	in	r29, 0x3e	; 62
     394:	2a 97       	sbiw	r28, 0x0a	; 10
     396:	0f b6       	in	r0, 0x3f	; 63
     398:	f8 94       	cli
     39a:	de bf       	out	0x3e, r29	; 62
     39c:	0f be       	out	0x3f, r0	; 63
     39e:	cd bf       	out	0x3d, r28	; 61
	char buffer[10];
	sprintf(buffer, "%u", num);
     3a0:	9f 93       	push	r25
     3a2:	8f 93       	push	r24
     3a4:	80 e0       	ldi	r24, 0x00	; 0
     3a6:	91 e0       	ldi	r25, 0x01	; 1
     3a8:	9f 93       	push	r25
     3aa:	8f 93       	push	r24
     3ac:	8e 01       	movw	r16, r28
     3ae:	0f 5f       	subi	r16, 0xFF	; 255
     3b0:	1f 4f       	sbci	r17, 0xFF	; 255
     3b2:	1f 93       	push	r17
     3b4:	0f 93       	push	r16
     3b6:	0e 94 11 04 	call	0x822	; 0x822 <sprintf>
	usart_print_string(buffer);
     3ba:	c8 01       	movw	r24, r16
     3bc:	0e 94 b7 01 	call	0x36e	; 0x36e <usart_print_string>
}
     3c0:	0f 90       	pop	r0
     3c2:	0f 90       	pop	r0
     3c4:	0f 90       	pop	r0
     3c6:	0f 90       	pop	r0
     3c8:	0f 90       	pop	r0
     3ca:	0f 90       	pop	r0
     3cc:	2a 96       	adiw	r28, 0x0a	; 10
     3ce:	0f b6       	in	r0, 0x3f	; 63
     3d0:	f8 94       	cli
     3d2:	de bf       	out	0x3e, r29	; 62
     3d4:	0f be       	out	0x3f, r0	; 63
     3d6:	cd bf       	out	0x3d, r28	; 61
     3d8:	df 91       	pop	r29
     3da:	cf 91       	pop	r28
     3dc:	1f 91       	pop	r17
     3de:	0f 91       	pop	r16
     3e0:	08 95       	ret

000003e2 <usart_print_float>:

void usart_print_float(float num, uint8_t decimals) {
     3e2:	0f 93       	push	r16
     3e4:	1f 93       	push	r17
     3e6:	cf 93       	push	r28
     3e8:	df 93       	push	r29
     3ea:	cd b7       	in	r28, 0x3d	; 61
     3ec:	de b7       	in	r29, 0x3e	; 62
     3ee:	64 97       	sbiw	r28, 0x14	; 20
     3f0:	0f b6       	in	r0, 0x3f	; 63
     3f2:	f8 94       	cli
     3f4:	de bf       	out	0x3e, r29	; 62
     3f6:	0f be       	out	0x3f, r0	; 63
     3f8:	cd bf       	out	0x3d, r28	; 61
	char buffer[20];
	dtostrf(num, 4, decimals, buffer);
     3fa:	24 2f       	mov	r18, r20
     3fc:	30 e0       	ldi	r19, 0x00	; 0
     3fe:	8e 01       	movw	r16, r28
     400:	0f 5f       	subi	r16, 0xFF	; 255
     402:	1f 4f       	sbci	r17, 0xFF	; 255
     404:	44 e0       	ldi	r20, 0x04	; 4
     406:	50 e0       	ldi	r21, 0x00	; 0
     408:	0e 94 f1 03 	call	0x7e2	; 0x7e2 <dtostrf>
	usart_print_string(buffer);
     40c:	c8 01       	movw	r24, r16
     40e:	0e 94 b7 01 	call	0x36e	; 0x36e <usart_print_string>
     412:	64 96       	adiw	r28, 0x14	; 20
     414:	0f b6       	in	r0, 0x3f	; 63
     416:	f8 94       	cli
     418:	de bf       	out	0x3e, r29	; 62
     41a:	0f be       	out	0x3f, r0	; 63
     41c:	cd bf       	out	0x3d, r28	; 61
     41e:	df 91       	pop	r29
     420:	cf 91       	pop	r28
     422:	1f 91       	pop	r17
     424:	0f 91       	pop	r16
     426:	08 95       	ret

00000428 <interrupt_init>:

volatile uint8_t interrupt_flag = 0;

void interrupt_init(void) {
	// Configurar INT0 en flanco descendente
	EICRA |= (1 << ISC01);  // Flanco descendente
     428:	e9 e6       	ldi	r30, 0x69	; 105
     42a:	f0 e0       	ldi	r31, 0x00	; 0
     42c:	80 81       	ld	r24, Z
     42e:	82 60       	ori	r24, 0x02	; 2
     430:	80 83       	st	Z, r24
	EICRA &= ~(1 << ISC00);
     432:	80 81       	ld	r24, Z
     434:	8e 7f       	andi	r24, 0xFE	; 254
     436:	80 83       	st	Z, r24
	
	// Habilitar INT0
	EIMSK |= (1 << INT0);
     438:	8d b3       	in	r24, 0x1d	; 29
     43a:	81 60       	ori	r24, 0x01	; 1
     43c:	8d bb       	out	0x1d, r24	; 29
	
	// Configurar PD2 como entrada
	DDRD &= ~(1 << INTERRUPT_PIN);
     43e:	8a b1       	in	r24, 0x0a	; 10
     440:	8b 7f       	andi	r24, 0xFB	; 251
     442:	8a b9       	out	0x0a, r24	; 10
	PORTD |= (1 << INTERRUPT_PIN);  // Pull-up interno
     444:	8b b1       	in	r24, 0x0b	; 11
     446:	84 60       	ori	r24, 0x04	; 4
     448:	8b b9       	out	0x0b, r24	; 11
     44a:	08 95       	ret

0000044c <enable_global_interrupts>:
}

void enable_global_interrupts(void) {
	sei();
     44c:	78 94       	sei
     44e:	08 95       	ret

00000450 <__vector_1>:
}

// Rutina de servicio de interrupción para INT0
ISR(INT0_vect) {
     450:	1f 92       	push	r1
     452:	0f 92       	push	r0
     454:	0f b6       	in	r0, 0x3f	; 63
     456:	0f 92       	push	r0
     458:	11 24       	eor	r1, r1
     45a:	8f 93       	push	r24
	interrupt_flag = 1;
     45c:	81 e0       	ldi	r24, 0x01	; 1
     45e:	80 93 52 01 	sts	0x0152, r24	; 0x800152 <__data_end>
     462:	8f 91       	pop	r24
     464:	0f 90       	pop	r0
     466:	0f be       	out	0x3f, r0	; 63
     468:	0f 90       	pop	r0
     46a:	1f 90       	pop	r1
     46c:	18 95       	reti

0000046e <__vector_21>:
// Variables globales
volatile uint16_t adc_value = 0;
volatile uint8_t adc_ready = 0;

// ISR para conversión ADC completa
ISR(ADC_vect) {
     46e:	1f 92       	push	r1
     470:	0f 92       	push	r0
     472:	0f b6       	in	r0, 0x3f	; 63
     474:	0f 92       	push	r0
     476:	11 24       	eor	r1, r1
     478:	8f 93       	push	r24
     47a:	9f 93       	push	r25
	adc_value = ADC;
     47c:	80 91 78 00 	lds	r24, 0x0078	; 0x800078 <__TEXT_REGION_LENGTH__+0x7f8078>
     480:	90 91 79 00 	lds	r25, 0x0079	; 0x800079 <__TEXT_REGION_LENGTH__+0x7f8079>
     484:	90 93 55 01 	sts	0x0155, r25	; 0x800155 <adc_value+0x1>
     488:	80 93 54 01 	sts	0x0154, r24	; 0x800154 <adc_value>
	adc_ready = 1;
     48c:	81 e0       	ldi	r24, 0x01	; 1
     48e:	80 93 53 01 	sts	0x0153, r24	; 0x800153 <adc_ready>
}
     492:	9f 91       	pop	r25
     494:	8f 91       	pop	r24
     496:	0f 90       	pop	r0
     498:	0f be       	out	0x3f, r0	; 63
     49a:	0f 90       	pop	r0
     49c:	1f 90       	pop	r1
     49e:	18 95       	reti

000004a0 <system_init>:

void system_init(void) {
	// Inicializar todos los módulos
	usart_init(BAUD_RATE);
     4a0:	60 e8       	ldi	r22, 0x80	; 128
     4a2:	75 e2       	ldi	r23, 0x25	; 37
     4a4:	80 e0       	ldi	r24, 0x00	; 0
     4a6:	90 e0       	ldi	r25, 0x00	; 0
     4a8:	0e 94 9b 01 	call	0x336	; 0x336 <usart_init>
	adc_init();
     4ac:	0e 94 d0 00 	call	0x1a0	; 0x1a0 <adc_init>
	i2c_init();
     4b0:	0e 94 03 01 	call	0x206	; 0x206 <i2c_init>
	interrupt_init();
     4b4:	0e 94 14 02 	call	0x428	; 0x428 <interrupt_init>
	
	// Habilitar interrupciones globales
	enable_global_interrupts();
     4b8:	0e 94 26 02 	call	0x44c	; 0x44c <enable_global_interrupts>
	
	// Configurar LED como salida
	DDRB |= (1 << LED_PIN);
     4bc:	84 b1       	in	r24, 0x04	; 4
     4be:	81 60       	ori	r24, 0x01	; 1
     4c0:	84 b9       	out	0x04, r24	; 4
	PORTB &= ~(1 << LED_PIN);
     4c2:	85 b1       	in	r24, 0x05	; 5
     4c4:	8e 7f       	andi	r24, 0xFE	; 254
     4c6:	85 b9       	out	0x05, r24	; 5
	
	// Habilitar interrupción por ADC
	ADCSRA |= (1 << ADIE);
     4c8:	ea e7       	ldi	r30, 0x7A	; 122
     4ca:	f0 e0       	ldi	r31, 0x00	; 0
     4cc:	80 81       	ld	r24, Z
     4ce:	88 60       	ori	r24, 0x08	; 8
     4d0:	80 83       	st	Z, r24
	
	usart_print_string("Sistema Iniciado...\r\n");
     4d2:	83 e0       	ldi	r24, 0x03	; 3
     4d4:	91 e0       	ldi	r25, 0x01	; 1
     4d6:	0e 94 b7 01 	call	0x36e	; 0x36e <usart_print_string>
     4da:	08 95       	ret

000004dc <main>:

int main(void) {
	uint8_t counter = 0;
	float temperature = 0.0;
	
	system_init();
     4dc:	0e 94 50 02 	call	0x4a0	; 0x4a0 <system_init>
	
	usart_print_string("Sistema Iniciado...\r\n");
}

int main(void) {
	uint8_t counter = 0;
     4e0:	c0 e0       	ldi	r28, 0x00	; 0
     4e2:	01 c0       	rjmp	.+2      	; 0x4e6 <main+0xa>
		}
		
		_delay_ms(10);  // Delay base de 10ms
		counter++;
		
		if (counter >= 100) counter = 0;  // Reset contador cada segundo
     4e4:	c0 e0       	ldi	r28, 0x00	; 0
	
	system_init();
	
	while (1) {
		// Leer ADC cada 100ms
		if (counter % 10 == 0) {  // 10 * 10ms = 100ms
     4e6:	8d ec       	ldi	r24, 0xCD	; 205
     4e8:	c8 9f       	mul	r28, r24
     4ea:	81 2d       	mov	r24, r1
     4ec:	11 24       	eor	r1, r1
     4ee:	86 95       	lsr	r24
     4f0:	86 95       	lsr	r24
     4f2:	86 95       	lsr	r24
     4f4:	88 0f       	add	r24, r24
     4f6:	98 2f       	mov	r25, r24
     4f8:	99 0f       	add	r25, r25
     4fa:	99 0f       	add	r25, r25
     4fc:	89 0f       	add	r24, r25
     4fe:	c8 13       	cpse	r28, r24
     500:	3a c0       	rjmp	.+116    	; 0x576 <main+0x9a>
			adc_start_conversion(ADC_CHANNEL);
     502:	80 e0       	ldi	r24, 0x00	; 0
     504:	0e 94 ec 00 	call	0x1d8	; 0x1d8 <adc_start_conversion>
			
			// Esperar conversión o usar polling
			while (!adc_conversion_complete());
     508:	0e 94 f9 00 	call	0x1f2	; 0x1f2 <adc_conversion_complete>
     50c:	89 2b       	or	r24, r25
     50e:	e1 f3       	breq	.-8      	; 0x508 <main+0x2c>
			adc_value = adc_read(ADC_CHANNEL);
     510:	80 e0       	ldi	r24, 0x00	; 0
     512:	0e 94 d7 00 	call	0x1ae	; 0x1ae <adc_read>
     516:	90 93 55 01 	sts	0x0155, r25	; 0x800155 <adc_value+0x1>
     51a:	80 93 54 01 	sts	0x0154, r24	; 0x800154 <adc_value>
			
			usart_print_string("ADC: ");
     51e:	89 e1       	ldi	r24, 0x19	; 25
     520:	91 e0       	ldi	r25, 0x01	; 1
     522:	0e 94 b7 01 	call	0x36e	; 0x36e <usart_print_string>
			usart_print_number(adc_value);
     526:	80 91 54 01 	lds	r24, 0x0154	; 0x800154 <adc_value>
     52a:	90 91 55 01 	lds	r25, 0x0155	; 0x800155 <adc_value+0x1>
     52e:	0e 94 c4 01 	call	0x388	; 0x388 <usart_print_number>
			usart_print_string("\r\n");
     532:	8e e4       	ldi	r24, 0x4E	; 78
     534:	91 e0       	ldi	r25, 0x01	; 1
     536:	0e 94 b7 01 	call	0x36e	; 0x36e <usart_print_string>
			
			// Leer temperatura I2C cada segundo
			if (counter % 100 == 0) {  // 100 * 10ms = 1000ms
     53a:	89 e2       	ldi	r24, 0x29	; 41
     53c:	c8 9f       	mul	r28, r24
     53e:	81 2d       	mov	r24, r1
     540:	11 24       	eor	r1, r1
     542:	82 95       	swap	r24
     544:	8f 70       	andi	r24, 0x0F	; 15
     546:	9c 2f       	mov	r25, r28
     548:	24 e6       	ldi	r18, 0x64	; 100
     54a:	82 9f       	mul	r24, r18
     54c:	90 19       	sub	r25, r0
     54e:	11 24       	eor	r1, r1
     550:	91 11       	cpse	r25, r1
     552:	11 c0       	rjmp	.+34     	; 0x576 <main+0x9a>
				temperature = read_lm75_temperature();
     554:	0e 94 61 01 	call	0x2c2	; 0x2c2 <read_lm75_temperature>
     558:	6b 01       	movw	r12, r22
     55a:	7c 01       	movw	r14, r24
				usart_print_string("Temp I2C: ");
     55c:	8f e1       	ldi	r24, 0x1F	; 31
     55e:	91 e0       	ldi	r25, 0x01	; 1
     560:	0e 94 b7 01 	call	0x36e	; 0x36e <usart_print_string>
				usart_print_float(temperature, 1);
     564:	41 e0       	ldi	r20, 0x01	; 1
     566:	c7 01       	movw	r24, r14
     568:	b6 01       	movw	r22, r12
     56a:	0e 94 f1 01 	call	0x3e2	; 0x3e2 <usart_print_float>
				usart_print_string("°C\r\n");
     56e:	8a e2       	ldi	r24, 0x2A	; 42
     570:	91 e0       	ldi	r25, 0x01	; 1
     572:	0e 94 b7 01 	call	0x36e	; 0x36e <usart_print_string>
			}
		}
		
		// Verificar interrupción externa
		if (interrupt_flag) {
     576:	80 91 52 01 	lds	r24, 0x0152	; 0x800152 <__data_end>
     57a:	88 23       	and	r24, r24
     57c:	51 f0       	breq	.+20     	; 0x592 <main+0xb6>
			usart_print_string("Interrupcion externa detectada!\r\n");
     57e:	8f e2       	ldi	r24, 0x2F	; 47
     580:	91 e0       	ldi	r25, 0x01	; 1
     582:	0e 94 b7 01 	call	0x36e	; 0x36e <usart_print_string>
			
			// Toggle LED
			PORTB ^= (1 << LED_PIN);
     586:	95 b1       	in	r25, 0x05	; 5
     588:	81 e0       	ldi	r24, 0x01	; 1
     58a:	89 27       	eor	r24, r25
     58c:	85 b9       	out	0x05, r24	; 5
			
			interrupt_flag = 0;
     58e:	10 92 52 01 	sts	0x0152, r1	; 0x800152 <__data_end>
	#else
		//round up by default
		__ticks_dc = (uint32_t)(ceil(fabs(__tmp)));
	#endif

	__builtin_avr_delay_cycles(__ticks_dc);
     592:	83 ec       	ldi	r24, 0xC3	; 195
     594:	99 e0       	ldi	r25, 0x09	; 9
     596:	01 97       	sbiw	r24, 0x01	; 1
     598:	f1 f7       	brne	.-4      	; 0x596 <main+0xba>
     59a:	00 c0       	rjmp	.+0      	; 0x59c <main+0xc0>
     59c:	00 00       	nop
		}
		
		_delay_ms(10);  // Delay base de 10ms
		counter++;
     59e:	cf 5f       	subi	r28, 0xFF	; 255
		
		if (counter >= 100) counter = 0;  // Reset contador cada segundo
     5a0:	c4 36       	cpi	r28, 0x64	; 100
     5a2:	08 f0       	brcs	.+2      	; 0x5a6 <main+0xca>
     5a4:	9f cf       	rjmp	.-194    	; 0x4e4 <main+0x8>
     5a6:	9f cf       	rjmp	.-194    	; 0x4e6 <main+0xa>

000005a8 <__floatunsisf>:
     5a8:	e8 94       	clt
     5aa:	09 c0       	rjmp	.+18     	; 0x5be <__floatsisf+0x12>

000005ac <__floatsisf>:
     5ac:	97 fb       	bst	r25, 7
     5ae:	3e f4       	brtc	.+14     	; 0x5be <__floatsisf+0x12>
     5b0:	90 95       	com	r25
     5b2:	80 95       	com	r24
     5b4:	70 95       	com	r23
     5b6:	61 95       	neg	r22
     5b8:	7f 4f       	sbci	r23, 0xFF	; 255
     5ba:	8f 4f       	sbci	r24, 0xFF	; 255
     5bc:	9f 4f       	sbci	r25, 0xFF	; 255
     5be:	99 23       	and	r25, r25
     5c0:	a9 f0       	breq	.+42     	; 0x5ec <__floatsisf+0x40>
     5c2:	f9 2f       	mov	r31, r25
     5c4:	96 e9       	ldi	r25, 0x96	; 150
     5c6:	bb 27       	eor	r27, r27
     5c8:	93 95       	inc	r25
     5ca:	f6 95       	lsr	r31
     5cc:	87 95       	ror	r24
     5ce:	77 95       	ror	r23
     5d0:	67 95       	ror	r22
     5d2:	b7 95       	ror	r27
     5d4:	f1 11       	cpse	r31, r1
     5d6:	f8 cf       	rjmp	.-16     	; 0x5c8 <__floatsisf+0x1c>
     5d8:	fa f4       	brpl	.+62     	; 0x618 <__floatsisf+0x6c>
     5da:	bb 0f       	add	r27, r27
     5dc:	11 f4       	brne	.+4      	; 0x5e2 <__floatsisf+0x36>
     5de:	60 ff       	sbrs	r22, 0
     5e0:	1b c0       	rjmp	.+54     	; 0x618 <__floatsisf+0x6c>
     5e2:	6f 5f       	subi	r22, 0xFF	; 255
     5e4:	7f 4f       	sbci	r23, 0xFF	; 255
     5e6:	8f 4f       	sbci	r24, 0xFF	; 255
     5e8:	9f 4f       	sbci	r25, 0xFF	; 255
     5ea:	16 c0       	rjmp	.+44     	; 0x618 <__floatsisf+0x6c>
     5ec:	88 23       	and	r24, r24
     5ee:	11 f0       	breq	.+4      	; 0x5f4 <__floatsisf+0x48>
     5f0:	96 e9       	ldi	r25, 0x96	; 150
     5f2:	11 c0       	rjmp	.+34     	; 0x616 <__floatsisf+0x6a>
     5f4:	77 23       	and	r23, r23
     5f6:	21 f0       	breq	.+8      	; 0x600 <__floatsisf+0x54>
     5f8:	9e e8       	ldi	r25, 0x8E	; 142
     5fa:	87 2f       	mov	r24, r23
     5fc:	76 2f       	mov	r23, r22
     5fe:	05 c0       	rjmp	.+10     	; 0x60a <__floatsisf+0x5e>
     600:	66 23       	and	r22, r22
     602:	71 f0       	breq	.+28     	; 0x620 <__floatsisf+0x74>
     604:	96 e8       	ldi	r25, 0x86	; 134
     606:	86 2f       	mov	r24, r22
     608:	70 e0       	ldi	r23, 0x00	; 0
     60a:	60 e0       	ldi	r22, 0x00	; 0
     60c:	2a f0       	brmi	.+10     	; 0x618 <__floatsisf+0x6c>
     60e:	9a 95       	dec	r25
     610:	66 0f       	add	r22, r22
     612:	77 1f       	adc	r23, r23
     614:	88 1f       	adc	r24, r24
     616:	da f7       	brpl	.-10     	; 0x60e <__floatsisf+0x62>
     618:	88 0f       	add	r24, r24
     61a:	96 95       	lsr	r25
     61c:	87 95       	ror	r24
     61e:	97 f9       	bld	r25, 7
     620:	08 95       	ret

00000622 <__mulsf3>:
     622:	0e 94 24 03 	call	0x648	; 0x648 <__mulsf3x>
     626:	0c 94 95 03 	jmp	0x72a	; 0x72a <__fp_round>
     62a:	0e 94 87 03 	call	0x70e	; 0x70e <__fp_pscA>
     62e:	38 f0       	brcs	.+14     	; 0x63e <__mulsf3+0x1c>
     630:	0e 94 8e 03 	call	0x71c	; 0x71c <__fp_pscB>
     634:	20 f0       	brcs	.+8      	; 0x63e <__mulsf3+0x1c>
     636:	95 23       	and	r25, r21
     638:	11 f0       	breq	.+4      	; 0x63e <__mulsf3+0x1c>
     63a:	0c 94 7e 03 	jmp	0x6fc	; 0x6fc <__fp_inf>
     63e:	0c 94 84 03 	jmp	0x708	; 0x708 <__fp_nan>
     642:	11 24       	eor	r1, r1
     644:	0c 94 c9 03 	jmp	0x792	; 0x792 <__fp_szero>

00000648 <__mulsf3x>:
     648:	0e 94 a6 03 	call	0x74c	; 0x74c <__fp_split3>
     64c:	70 f3       	brcs	.-36     	; 0x62a <__mulsf3+0x8>

0000064e <__mulsf3_pse>:
     64e:	95 9f       	mul	r25, r21
     650:	c1 f3       	breq	.-16     	; 0x642 <__mulsf3+0x20>
     652:	95 0f       	add	r25, r21
     654:	50 e0       	ldi	r21, 0x00	; 0
     656:	55 1f       	adc	r21, r21
     658:	62 9f       	mul	r22, r18
     65a:	f0 01       	movw	r30, r0
     65c:	72 9f       	mul	r23, r18
     65e:	bb 27       	eor	r27, r27
     660:	f0 0d       	add	r31, r0
     662:	b1 1d       	adc	r27, r1
     664:	63 9f       	mul	r22, r19
     666:	aa 27       	eor	r26, r26
     668:	f0 0d       	add	r31, r0
     66a:	b1 1d       	adc	r27, r1
     66c:	aa 1f       	adc	r26, r26
     66e:	64 9f       	mul	r22, r20
     670:	66 27       	eor	r22, r22
     672:	b0 0d       	add	r27, r0
     674:	a1 1d       	adc	r26, r1
     676:	66 1f       	adc	r22, r22
     678:	82 9f       	mul	r24, r18
     67a:	22 27       	eor	r18, r18
     67c:	b0 0d       	add	r27, r0
     67e:	a1 1d       	adc	r26, r1
     680:	62 1f       	adc	r22, r18
     682:	73 9f       	mul	r23, r19
     684:	b0 0d       	add	r27, r0
     686:	a1 1d       	adc	r26, r1
     688:	62 1f       	adc	r22, r18
     68a:	83 9f       	mul	r24, r19
     68c:	a0 0d       	add	r26, r0
     68e:	61 1d       	adc	r22, r1
     690:	22 1f       	adc	r18, r18
     692:	74 9f       	mul	r23, r20
     694:	33 27       	eor	r19, r19
     696:	a0 0d       	add	r26, r0
     698:	61 1d       	adc	r22, r1
     69a:	23 1f       	adc	r18, r19
     69c:	84 9f       	mul	r24, r20
     69e:	60 0d       	add	r22, r0
     6a0:	21 1d       	adc	r18, r1
     6a2:	82 2f       	mov	r24, r18
     6a4:	76 2f       	mov	r23, r22
     6a6:	6a 2f       	mov	r22, r26
     6a8:	11 24       	eor	r1, r1
     6aa:	9f 57       	subi	r25, 0x7F	; 127
     6ac:	50 40       	sbci	r21, 0x00	; 0
     6ae:	9a f0       	brmi	.+38     	; 0x6d6 <__mulsf3_pse+0x88>
     6b0:	f1 f0       	breq	.+60     	; 0x6ee <__mulsf3_pse+0xa0>
     6b2:	88 23       	and	r24, r24
     6b4:	4a f0       	brmi	.+18     	; 0x6c8 <__mulsf3_pse+0x7a>
     6b6:	ee 0f       	add	r30, r30
     6b8:	ff 1f       	adc	r31, r31
     6ba:	bb 1f       	adc	r27, r27
     6bc:	66 1f       	adc	r22, r22
     6be:	77 1f       	adc	r23, r23
     6c0:	88 1f       	adc	r24, r24
     6c2:	91 50       	subi	r25, 0x01	; 1
     6c4:	50 40       	sbci	r21, 0x00	; 0
     6c6:	a9 f7       	brne	.-22     	; 0x6b2 <__mulsf3_pse+0x64>
     6c8:	9e 3f       	cpi	r25, 0xFE	; 254
     6ca:	51 05       	cpc	r21, r1
     6cc:	80 f0       	brcs	.+32     	; 0x6ee <__mulsf3_pse+0xa0>
     6ce:	0c 94 7e 03 	jmp	0x6fc	; 0x6fc <__fp_inf>
     6d2:	0c 94 c9 03 	jmp	0x792	; 0x792 <__fp_szero>
     6d6:	5f 3f       	cpi	r21, 0xFF	; 255
     6d8:	e4 f3       	brlt	.-8      	; 0x6d2 <__mulsf3_pse+0x84>
     6da:	98 3e       	cpi	r25, 0xE8	; 232
     6dc:	d4 f3       	brlt	.-12     	; 0x6d2 <__mulsf3_pse+0x84>
     6de:	86 95       	lsr	r24
     6e0:	77 95       	ror	r23
     6e2:	67 95       	ror	r22
     6e4:	b7 95       	ror	r27
     6e6:	f7 95       	ror	r31
     6e8:	e7 95       	ror	r30
     6ea:	9f 5f       	subi	r25, 0xFF	; 255
     6ec:	c1 f7       	brne	.-16     	; 0x6de <__mulsf3_pse+0x90>
     6ee:	fe 2b       	or	r31, r30
     6f0:	88 0f       	add	r24, r24
     6f2:	91 1d       	adc	r25, r1
     6f4:	96 95       	lsr	r25
     6f6:	87 95       	ror	r24
     6f8:	97 f9       	bld	r25, 7
     6fa:	08 95       	ret

000006fc <__fp_inf>:
     6fc:	97 f9       	bld	r25, 7
     6fe:	9f 67       	ori	r25, 0x7F	; 127
     700:	80 e8       	ldi	r24, 0x80	; 128
     702:	70 e0       	ldi	r23, 0x00	; 0
     704:	60 e0       	ldi	r22, 0x00	; 0
     706:	08 95       	ret

00000708 <__fp_nan>:
     708:	9f ef       	ldi	r25, 0xFF	; 255
     70a:	80 ec       	ldi	r24, 0xC0	; 192
     70c:	08 95       	ret

0000070e <__fp_pscA>:
     70e:	00 24       	eor	r0, r0
     710:	0a 94       	dec	r0
     712:	16 16       	cp	r1, r22
     714:	17 06       	cpc	r1, r23
     716:	18 06       	cpc	r1, r24
     718:	09 06       	cpc	r0, r25
     71a:	08 95       	ret

0000071c <__fp_pscB>:
     71c:	00 24       	eor	r0, r0
     71e:	0a 94       	dec	r0
     720:	12 16       	cp	r1, r18
     722:	13 06       	cpc	r1, r19
     724:	14 06       	cpc	r1, r20
     726:	05 06       	cpc	r0, r21
     728:	08 95       	ret

0000072a <__fp_round>:
     72a:	09 2e       	mov	r0, r25
     72c:	03 94       	inc	r0
     72e:	00 0c       	add	r0, r0
     730:	11 f4       	brne	.+4      	; 0x736 <__fp_round+0xc>
     732:	88 23       	and	r24, r24
     734:	52 f0       	brmi	.+20     	; 0x74a <__fp_round+0x20>
     736:	bb 0f       	add	r27, r27
     738:	40 f4       	brcc	.+16     	; 0x74a <__fp_round+0x20>
     73a:	bf 2b       	or	r27, r31
     73c:	11 f4       	brne	.+4      	; 0x742 <__fp_round+0x18>
     73e:	60 ff       	sbrs	r22, 0
     740:	04 c0       	rjmp	.+8      	; 0x74a <__fp_round+0x20>
     742:	6f 5f       	subi	r22, 0xFF	; 255
     744:	7f 4f       	sbci	r23, 0xFF	; 255
     746:	8f 4f       	sbci	r24, 0xFF	; 255
     748:	9f 4f       	sbci	r25, 0xFF	; 255
     74a:	08 95       	ret

0000074c <__fp_split3>:
     74c:	57 fd       	sbrc	r21, 7
     74e:	90 58       	subi	r25, 0x80	; 128
     750:	44 0f       	add	r20, r20
     752:	55 1f       	adc	r21, r21
     754:	59 f0       	breq	.+22     	; 0x76c <__fp_splitA+0x10>
     756:	5f 3f       	cpi	r21, 0xFF	; 255
     758:	71 f0       	breq	.+28     	; 0x776 <__fp_splitA+0x1a>
     75a:	47 95       	ror	r20

0000075c <__fp_splitA>:
     75c:	88 0f       	add	r24, r24
     75e:	97 fb       	bst	r25, 7
     760:	99 1f       	adc	r25, r25
     762:	61 f0       	breq	.+24     	; 0x77c <__fp_splitA+0x20>
     764:	9f 3f       	cpi	r25, 0xFF	; 255
     766:	79 f0       	breq	.+30     	; 0x786 <__fp_splitA+0x2a>
     768:	87 95       	ror	r24
     76a:	08 95       	ret
     76c:	12 16       	cp	r1, r18
     76e:	13 06       	cpc	r1, r19
     770:	14 06       	cpc	r1, r20
     772:	55 1f       	adc	r21, r21
     774:	f2 cf       	rjmp	.-28     	; 0x75a <__fp_split3+0xe>
     776:	46 95       	lsr	r20
     778:	f1 df       	rcall	.-30     	; 0x75c <__fp_splitA>
     77a:	08 c0       	rjmp	.+16     	; 0x78c <__fp_splitA+0x30>
     77c:	16 16       	cp	r1, r22
     77e:	17 06       	cpc	r1, r23
     780:	18 06       	cpc	r1, r24
     782:	99 1f       	adc	r25, r25
     784:	f1 cf       	rjmp	.-30     	; 0x768 <__fp_splitA+0xc>
     786:	86 95       	lsr	r24
     788:	71 05       	cpc	r23, r1
     78a:	61 05       	cpc	r22, r1
     78c:	08 94       	sec
     78e:	08 95       	ret

00000790 <__fp_zero>:
     790:	e8 94       	clt

00000792 <__fp_szero>:
     792:	bb 27       	eor	r27, r27
     794:	66 27       	eor	r22, r22
     796:	77 27       	eor	r23, r23
     798:	cb 01       	movw	r24, r22
     79a:	97 f9       	bld	r25, 7
     79c:	08 95       	ret

0000079e <__udivmodsi4>:
     79e:	a1 e2       	ldi	r26, 0x21	; 33
     7a0:	1a 2e       	mov	r1, r26
     7a2:	aa 1b       	sub	r26, r26
     7a4:	bb 1b       	sub	r27, r27
     7a6:	fd 01       	movw	r30, r26
     7a8:	0d c0       	rjmp	.+26     	; 0x7c4 <__udivmodsi4_ep>

000007aa <__udivmodsi4_loop>:
     7aa:	aa 1f       	adc	r26, r26
     7ac:	bb 1f       	adc	r27, r27
     7ae:	ee 1f       	adc	r30, r30
     7b0:	ff 1f       	adc	r31, r31
     7b2:	a2 17       	cp	r26, r18
     7b4:	b3 07       	cpc	r27, r19
     7b6:	e4 07       	cpc	r30, r20
     7b8:	f5 07       	cpc	r31, r21
     7ba:	20 f0       	brcs	.+8      	; 0x7c4 <__udivmodsi4_ep>
     7bc:	a2 1b       	sub	r26, r18
     7be:	b3 0b       	sbc	r27, r19
     7c0:	e4 0b       	sbc	r30, r20
     7c2:	f5 0b       	sbc	r31, r21

000007c4 <__udivmodsi4_ep>:
     7c4:	66 1f       	adc	r22, r22
     7c6:	77 1f       	adc	r23, r23
     7c8:	88 1f       	adc	r24, r24
     7ca:	99 1f       	adc	r25, r25
     7cc:	1a 94       	dec	r1
     7ce:	69 f7       	brne	.-38     	; 0x7aa <__udivmodsi4_loop>
     7d0:	60 95       	com	r22
     7d2:	70 95       	com	r23
     7d4:	80 95       	com	r24
     7d6:	90 95       	com	r25
     7d8:	9b 01       	movw	r18, r22
     7da:	ac 01       	movw	r20, r24
     7dc:	bd 01       	movw	r22, r26
     7de:	cf 01       	movw	r24, r30
     7e0:	08 95       	ret

000007e2 <dtostrf>:
     7e2:	ef 92       	push	r14
     7e4:	0f 93       	push	r16
     7e6:	1f 93       	push	r17
     7e8:	cf 93       	push	r28
     7ea:	df 93       	push	r29
     7ec:	e8 01       	movw	r28, r16
     7ee:	47 fd       	sbrc	r20, 7
     7f0:	02 c0       	rjmp	.+4      	; 0x7f6 <dtostrf+0x14>
     7f2:	34 e0       	ldi	r19, 0x04	; 4
     7f4:	01 c0       	rjmp	.+2      	; 0x7f8 <dtostrf+0x16>
     7f6:	34 e1       	ldi	r19, 0x14	; 20
     7f8:	04 2e       	mov	r0, r20
     7fa:	00 0c       	add	r0, r0
     7fc:	55 0b       	sbc	r21, r21
     7fe:	57 ff       	sbrs	r21, 7
     800:	03 c0       	rjmp	.+6      	; 0x808 <__DATA_REGION_LENGTH__+0x8>
     802:	51 95       	neg	r21
     804:	41 95       	neg	r20
     806:	51 09       	sbc	r21, r1
     808:	e3 2e       	mov	r14, r19
     80a:	02 2f       	mov	r16, r18
     80c:	24 2f       	mov	r18, r20
     80e:	ae 01       	movw	r20, r28
     810:	0e 94 14 06 	call	0xc28	; 0xc28 <dtoa_prf>
     814:	ce 01       	movw	r24, r28
     816:	df 91       	pop	r29
     818:	cf 91       	pop	r28
     81a:	1f 91       	pop	r17
     81c:	0f 91       	pop	r16
     81e:	ef 90       	pop	r14
     820:	08 95       	ret

00000822 <sprintf>:
     822:	ae e0       	ldi	r26, 0x0E	; 14
     824:	b0 e0       	ldi	r27, 0x00	; 0
     826:	e7 e1       	ldi	r30, 0x17	; 23
     828:	f4 e0       	ldi	r31, 0x04	; 4
     82a:	0c 94 04 09 	jmp	0x1208	; 0x1208 <__prologue_saves__+0x1c>
     82e:	0d 89       	ldd	r16, Y+21	; 0x15
     830:	1e 89       	ldd	r17, Y+22	; 0x16
     832:	86 e0       	ldi	r24, 0x06	; 6
     834:	8c 83       	std	Y+4, r24	; 0x04
     836:	1a 83       	std	Y+2, r17	; 0x02
     838:	09 83       	std	Y+1, r16	; 0x01
     83a:	8f ef       	ldi	r24, 0xFF	; 255
     83c:	9f e7       	ldi	r25, 0x7F	; 127
     83e:	9e 83       	std	Y+6, r25	; 0x06
     840:	8d 83       	std	Y+5, r24	; 0x05
     842:	ae 01       	movw	r20, r28
     844:	47 5e       	subi	r20, 0xE7	; 231
     846:	5f 4f       	sbci	r21, 0xFF	; 255
     848:	6f 89       	ldd	r22, Y+23	; 0x17
     84a:	78 8d       	ldd	r23, Y+24	; 0x18
     84c:	ce 01       	movw	r24, r28
     84e:	01 96       	adiw	r24, 0x01	; 1
     850:	0e 94 33 04 	call	0x866	; 0x866 <vfprintf>
     854:	ef 81       	ldd	r30, Y+7	; 0x07
     856:	f8 85       	ldd	r31, Y+8	; 0x08
     858:	e0 0f       	add	r30, r16
     85a:	f1 1f       	adc	r31, r17
     85c:	10 82       	st	Z, r1
     85e:	2e 96       	adiw	r28, 0x0e	; 14
     860:	e4 e0       	ldi	r30, 0x04	; 4
     862:	0c 94 20 09 	jmp	0x1240	; 0x1240 <__epilogue_restores__+0x1c>

00000866 <vfprintf>:
     866:	ab e0       	ldi	r26, 0x0B	; 11
     868:	b0 e0       	ldi	r27, 0x00	; 0
     86a:	e9 e3       	ldi	r30, 0x39	; 57
     86c:	f4 e0       	ldi	r31, 0x04	; 4
     86e:	0c 94 f6 08 	jmp	0x11ec	; 0x11ec <__prologue_saves__>
     872:	6c 01       	movw	r12, r24
     874:	7b 01       	movw	r14, r22
     876:	8a 01       	movw	r16, r20
     878:	fc 01       	movw	r30, r24
     87a:	17 82       	std	Z+7, r1	; 0x07
     87c:	16 82       	std	Z+6, r1	; 0x06
     87e:	83 81       	ldd	r24, Z+3	; 0x03
     880:	81 ff       	sbrs	r24, 1
     882:	cc c1       	rjmp	.+920    	; 0xc1c <__stack+0x31d>
     884:	ce 01       	movw	r24, r28
     886:	01 96       	adiw	r24, 0x01	; 1
     888:	3c 01       	movw	r6, r24
     88a:	f6 01       	movw	r30, r12
     88c:	93 81       	ldd	r25, Z+3	; 0x03
     88e:	f7 01       	movw	r30, r14
     890:	93 fd       	sbrc	r25, 3
     892:	85 91       	lpm	r24, Z+
     894:	93 ff       	sbrs	r25, 3
     896:	81 91       	ld	r24, Z+
     898:	7f 01       	movw	r14, r30
     89a:	88 23       	and	r24, r24
     89c:	09 f4       	brne	.+2      	; 0x8a0 <vfprintf+0x3a>
     89e:	ba c1       	rjmp	.+884    	; 0xc14 <__stack+0x315>
     8a0:	85 32       	cpi	r24, 0x25	; 37
     8a2:	39 f4       	brne	.+14     	; 0x8b2 <vfprintf+0x4c>
     8a4:	93 fd       	sbrc	r25, 3
     8a6:	85 91       	lpm	r24, Z+
     8a8:	93 ff       	sbrs	r25, 3
     8aa:	81 91       	ld	r24, Z+
     8ac:	7f 01       	movw	r14, r30
     8ae:	85 32       	cpi	r24, 0x25	; 37
     8b0:	29 f4       	brne	.+10     	; 0x8bc <vfprintf+0x56>
     8b2:	b6 01       	movw	r22, r12
     8b4:	90 e0       	ldi	r25, 0x00	; 0
     8b6:	0e 94 5c 08 	call	0x10b8	; 0x10b8 <fputc>
     8ba:	e7 cf       	rjmp	.-50     	; 0x88a <vfprintf+0x24>
     8bc:	91 2c       	mov	r9, r1
     8be:	21 2c       	mov	r2, r1
     8c0:	31 2c       	mov	r3, r1
     8c2:	ff e1       	ldi	r31, 0x1F	; 31
     8c4:	f3 15       	cp	r31, r3
     8c6:	d8 f0       	brcs	.+54     	; 0x8fe <vfprintf+0x98>
     8c8:	8b 32       	cpi	r24, 0x2B	; 43
     8ca:	79 f0       	breq	.+30     	; 0x8ea <vfprintf+0x84>
     8cc:	38 f4       	brcc	.+14     	; 0x8dc <vfprintf+0x76>
     8ce:	80 32       	cpi	r24, 0x20	; 32
     8d0:	79 f0       	breq	.+30     	; 0x8f0 <vfprintf+0x8a>
     8d2:	83 32       	cpi	r24, 0x23	; 35
     8d4:	a1 f4       	brne	.+40     	; 0x8fe <vfprintf+0x98>
     8d6:	23 2d       	mov	r18, r3
     8d8:	20 61       	ori	r18, 0x10	; 16
     8da:	1d c0       	rjmp	.+58     	; 0x916 <__stack+0x17>
     8dc:	8d 32       	cpi	r24, 0x2D	; 45
     8de:	61 f0       	breq	.+24     	; 0x8f8 <vfprintf+0x92>
     8e0:	80 33       	cpi	r24, 0x30	; 48
     8e2:	69 f4       	brne	.+26     	; 0x8fe <vfprintf+0x98>
     8e4:	23 2d       	mov	r18, r3
     8e6:	21 60       	ori	r18, 0x01	; 1
     8e8:	16 c0       	rjmp	.+44     	; 0x916 <__stack+0x17>
     8ea:	83 2d       	mov	r24, r3
     8ec:	82 60       	ori	r24, 0x02	; 2
     8ee:	38 2e       	mov	r3, r24
     8f0:	e3 2d       	mov	r30, r3
     8f2:	e4 60       	ori	r30, 0x04	; 4
     8f4:	3e 2e       	mov	r3, r30
     8f6:	2a c0       	rjmp	.+84     	; 0x94c <__stack+0x4d>
     8f8:	f3 2d       	mov	r31, r3
     8fa:	f8 60       	ori	r31, 0x08	; 8
     8fc:	1d c0       	rjmp	.+58     	; 0x938 <__stack+0x39>
     8fe:	37 fc       	sbrc	r3, 7
     900:	2d c0       	rjmp	.+90     	; 0x95c <__stack+0x5d>
     902:	20 ed       	ldi	r18, 0xD0	; 208
     904:	28 0f       	add	r18, r24
     906:	2a 30       	cpi	r18, 0x0A	; 10
     908:	40 f0       	brcs	.+16     	; 0x91a <__stack+0x1b>
     90a:	8e 32       	cpi	r24, 0x2E	; 46
     90c:	b9 f4       	brne	.+46     	; 0x93c <__stack+0x3d>
     90e:	36 fc       	sbrc	r3, 6
     910:	81 c1       	rjmp	.+770    	; 0xc14 <__stack+0x315>
     912:	23 2d       	mov	r18, r3
     914:	20 64       	ori	r18, 0x40	; 64
     916:	32 2e       	mov	r3, r18
     918:	19 c0       	rjmp	.+50     	; 0x94c <__stack+0x4d>
     91a:	36 fe       	sbrs	r3, 6
     91c:	06 c0       	rjmp	.+12     	; 0x92a <__stack+0x2b>
     91e:	8a e0       	ldi	r24, 0x0A	; 10
     920:	98 9e       	mul	r9, r24
     922:	20 0d       	add	r18, r0
     924:	11 24       	eor	r1, r1
     926:	92 2e       	mov	r9, r18
     928:	11 c0       	rjmp	.+34     	; 0x94c <__stack+0x4d>
     92a:	ea e0       	ldi	r30, 0x0A	; 10
     92c:	2e 9e       	mul	r2, r30
     92e:	20 0d       	add	r18, r0
     930:	11 24       	eor	r1, r1
     932:	22 2e       	mov	r2, r18
     934:	f3 2d       	mov	r31, r3
     936:	f0 62       	ori	r31, 0x20	; 32
     938:	3f 2e       	mov	r3, r31
     93a:	08 c0       	rjmp	.+16     	; 0x94c <__stack+0x4d>
     93c:	8c 36       	cpi	r24, 0x6C	; 108
     93e:	21 f4       	brne	.+8      	; 0x948 <__stack+0x49>
     940:	83 2d       	mov	r24, r3
     942:	80 68       	ori	r24, 0x80	; 128
     944:	38 2e       	mov	r3, r24
     946:	02 c0       	rjmp	.+4      	; 0x94c <__stack+0x4d>
     948:	88 36       	cpi	r24, 0x68	; 104
     94a:	41 f4       	brne	.+16     	; 0x95c <__stack+0x5d>
     94c:	f7 01       	movw	r30, r14
     94e:	93 fd       	sbrc	r25, 3
     950:	85 91       	lpm	r24, Z+
     952:	93 ff       	sbrs	r25, 3
     954:	81 91       	ld	r24, Z+
     956:	7f 01       	movw	r14, r30
     958:	81 11       	cpse	r24, r1
     95a:	b3 cf       	rjmp	.-154    	; 0x8c2 <vfprintf+0x5c>
     95c:	98 2f       	mov	r25, r24
     95e:	9f 7d       	andi	r25, 0xDF	; 223
     960:	95 54       	subi	r25, 0x45	; 69
     962:	93 30       	cpi	r25, 0x03	; 3
     964:	28 f4       	brcc	.+10     	; 0x970 <__stack+0x71>
     966:	0c 5f       	subi	r16, 0xFC	; 252
     968:	1f 4f       	sbci	r17, 0xFF	; 255
     96a:	9f e3       	ldi	r25, 0x3F	; 63
     96c:	99 83       	std	Y+1, r25	; 0x01
     96e:	0d c0       	rjmp	.+26     	; 0x98a <__stack+0x8b>
     970:	83 36       	cpi	r24, 0x63	; 99
     972:	31 f0       	breq	.+12     	; 0x980 <__stack+0x81>
     974:	83 37       	cpi	r24, 0x73	; 115
     976:	71 f0       	breq	.+28     	; 0x994 <__stack+0x95>
     978:	83 35       	cpi	r24, 0x53	; 83
     97a:	09 f0       	breq	.+2      	; 0x97e <__stack+0x7f>
     97c:	59 c0       	rjmp	.+178    	; 0xa30 <__stack+0x131>
     97e:	21 c0       	rjmp	.+66     	; 0x9c2 <__stack+0xc3>
     980:	f8 01       	movw	r30, r16
     982:	80 81       	ld	r24, Z
     984:	89 83       	std	Y+1, r24	; 0x01
     986:	0e 5f       	subi	r16, 0xFE	; 254
     988:	1f 4f       	sbci	r17, 0xFF	; 255
     98a:	88 24       	eor	r8, r8
     98c:	83 94       	inc	r8
     98e:	91 2c       	mov	r9, r1
     990:	53 01       	movw	r10, r6
     992:	13 c0       	rjmp	.+38     	; 0x9ba <__stack+0xbb>
     994:	28 01       	movw	r4, r16
     996:	f2 e0       	ldi	r31, 0x02	; 2
     998:	4f 0e       	add	r4, r31
     99a:	51 1c       	adc	r5, r1
     99c:	f8 01       	movw	r30, r16
     99e:	a0 80       	ld	r10, Z
     9a0:	b1 80       	ldd	r11, Z+1	; 0x01
     9a2:	36 fe       	sbrs	r3, 6
     9a4:	03 c0       	rjmp	.+6      	; 0x9ac <__stack+0xad>
     9a6:	69 2d       	mov	r22, r9
     9a8:	70 e0       	ldi	r23, 0x00	; 0
     9aa:	02 c0       	rjmp	.+4      	; 0x9b0 <__stack+0xb1>
     9ac:	6f ef       	ldi	r22, 0xFF	; 255
     9ae:	7f ef       	ldi	r23, 0xFF	; 255
     9b0:	c5 01       	movw	r24, r10
     9b2:	0e 94 51 08 	call	0x10a2	; 0x10a2 <strnlen>
     9b6:	4c 01       	movw	r8, r24
     9b8:	82 01       	movw	r16, r4
     9ba:	f3 2d       	mov	r31, r3
     9bc:	ff 77       	andi	r31, 0x7F	; 127
     9be:	3f 2e       	mov	r3, r31
     9c0:	16 c0       	rjmp	.+44     	; 0x9ee <__stack+0xef>
     9c2:	28 01       	movw	r4, r16
     9c4:	22 e0       	ldi	r18, 0x02	; 2
     9c6:	42 0e       	add	r4, r18
     9c8:	51 1c       	adc	r5, r1
     9ca:	f8 01       	movw	r30, r16
     9cc:	a0 80       	ld	r10, Z
     9ce:	b1 80       	ldd	r11, Z+1	; 0x01
     9d0:	36 fe       	sbrs	r3, 6
     9d2:	03 c0       	rjmp	.+6      	; 0x9da <__stack+0xdb>
     9d4:	69 2d       	mov	r22, r9
     9d6:	70 e0       	ldi	r23, 0x00	; 0
     9d8:	02 c0       	rjmp	.+4      	; 0x9de <__stack+0xdf>
     9da:	6f ef       	ldi	r22, 0xFF	; 255
     9dc:	7f ef       	ldi	r23, 0xFF	; 255
     9de:	c5 01       	movw	r24, r10
     9e0:	0e 94 46 08 	call	0x108c	; 0x108c <strnlen_P>
     9e4:	4c 01       	movw	r8, r24
     9e6:	f3 2d       	mov	r31, r3
     9e8:	f0 68       	ori	r31, 0x80	; 128
     9ea:	3f 2e       	mov	r3, r31
     9ec:	82 01       	movw	r16, r4
     9ee:	33 fc       	sbrc	r3, 3
     9f0:	1b c0       	rjmp	.+54     	; 0xa28 <__stack+0x129>
     9f2:	82 2d       	mov	r24, r2
     9f4:	90 e0       	ldi	r25, 0x00	; 0
     9f6:	88 16       	cp	r8, r24
     9f8:	99 06       	cpc	r9, r25
     9fa:	b0 f4       	brcc	.+44     	; 0xa28 <__stack+0x129>
     9fc:	b6 01       	movw	r22, r12
     9fe:	80 e2       	ldi	r24, 0x20	; 32
     a00:	90 e0       	ldi	r25, 0x00	; 0
     a02:	0e 94 5c 08 	call	0x10b8	; 0x10b8 <fputc>
     a06:	2a 94       	dec	r2
     a08:	f4 cf       	rjmp	.-24     	; 0x9f2 <__stack+0xf3>
     a0a:	f5 01       	movw	r30, r10
     a0c:	37 fc       	sbrc	r3, 7
     a0e:	85 91       	lpm	r24, Z+
     a10:	37 fe       	sbrs	r3, 7
     a12:	81 91       	ld	r24, Z+
     a14:	5f 01       	movw	r10, r30
     a16:	b6 01       	movw	r22, r12
     a18:	90 e0       	ldi	r25, 0x00	; 0
     a1a:	0e 94 5c 08 	call	0x10b8	; 0x10b8 <fputc>
     a1e:	21 10       	cpse	r2, r1
     a20:	2a 94       	dec	r2
     a22:	21 e0       	ldi	r18, 0x01	; 1
     a24:	82 1a       	sub	r8, r18
     a26:	91 08       	sbc	r9, r1
     a28:	81 14       	cp	r8, r1
     a2a:	91 04       	cpc	r9, r1
     a2c:	71 f7       	brne	.-36     	; 0xa0a <__stack+0x10b>
     a2e:	e8 c0       	rjmp	.+464    	; 0xc00 <__stack+0x301>
     a30:	84 36       	cpi	r24, 0x64	; 100
     a32:	11 f0       	breq	.+4      	; 0xa38 <__stack+0x139>
     a34:	89 36       	cpi	r24, 0x69	; 105
     a36:	41 f5       	brne	.+80     	; 0xa88 <__stack+0x189>
     a38:	f8 01       	movw	r30, r16
     a3a:	37 fe       	sbrs	r3, 7
     a3c:	07 c0       	rjmp	.+14     	; 0xa4c <__stack+0x14d>
     a3e:	60 81       	ld	r22, Z
     a40:	71 81       	ldd	r23, Z+1	; 0x01
     a42:	82 81       	ldd	r24, Z+2	; 0x02
     a44:	93 81       	ldd	r25, Z+3	; 0x03
     a46:	0c 5f       	subi	r16, 0xFC	; 252
     a48:	1f 4f       	sbci	r17, 0xFF	; 255
     a4a:	08 c0       	rjmp	.+16     	; 0xa5c <__stack+0x15d>
     a4c:	60 81       	ld	r22, Z
     a4e:	71 81       	ldd	r23, Z+1	; 0x01
     a50:	07 2e       	mov	r0, r23
     a52:	00 0c       	add	r0, r0
     a54:	88 0b       	sbc	r24, r24
     a56:	99 0b       	sbc	r25, r25
     a58:	0e 5f       	subi	r16, 0xFE	; 254
     a5a:	1f 4f       	sbci	r17, 0xFF	; 255
     a5c:	f3 2d       	mov	r31, r3
     a5e:	ff 76       	andi	r31, 0x6F	; 111
     a60:	3f 2e       	mov	r3, r31
     a62:	97 ff       	sbrs	r25, 7
     a64:	09 c0       	rjmp	.+18     	; 0xa78 <__stack+0x179>
     a66:	90 95       	com	r25
     a68:	80 95       	com	r24
     a6a:	70 95       	com	r23
     a6c:	61 95       	neg	r22
     a6e:	7f 4f       	sbci	r23, 0xFF	; 255
     a70:	8f 4f       	sbci	r24, 0xFF	; 255
     a72:	9f 4f       	sbci	r25, 0xFF	; 255
     a74:	f0 68       	ori	r31, 0x80	; 128
     a76:	3f 2e       	mov	r3, r31
     a78:	2a e0       	ldi	r18, 0x0A	; 10
     a7a:	30 e0       	ldi	r19, 0x00	; 0
     a7c:	a3 01       	movw	r20, r6
     a7e:	0e 94 98 08 	call	0x1130	; 0x1130 <__ultoa_invert>
     a82:	88 2e       	mov	r8, r24
     a84:	86 18       	sub	r8, r6
     a86:	45 c0       	rjmp	.+138    	; 0xb12 <__stack+0x213>
     a88:	85 37       	cpi	r24, 0x75	; 117
     a8a:	31 f4       	brne	.+12     	; 0xa98 <__stack+0x199>
     a8c:	23 2d       	mov	r18, r3
     a8e:	2f 7e       	andi	r18, 0xEF	; 239
     a90:	b2 2e       	mov	r11, r18
     a92:	2a e0       	ldi	r18, 0x0A	; 10
     a94:	30 e0       	ldi	r19, 0x00	; 0
     a96:	25 c0       	rjmp	.+74     	; 0xae2 <__stack+0x1e3>
     a98:	93 2d       	mov	r25, r3
     a9a:	99 7f       	andi	r25, 0xF9	; 249
     a9c:	b9 2e       	mov	r11, r25
     a9e:	8f 36       	cpi	r24, 0x6F	; 111
     aa0:	c1 f0       	breq	.+48     	; 0xad2 <__stack+0x1d3>
     aa2:	18 f4       	brcc	.+6      	; 0xaaa <__stack+0x1ab>
     aa4:	88 35       	cpi	r24, 0x58	; 88
     aa6:	79 f0       	breq	.+30     	; 0xac6 <__stack+0x1c7>
     aa8:	b5 c0       	rjmp	.+362    	; 0xc14 <__stack+0x315>
     aaa:	80 37       	cpi	r24, 0x70	; 112
     aac:	19 f0       	breq	.+6      	; 0xab4 <__stack+0x1b5>
     aae:	88 37       	cpi	r24, 0x78	; 120
     ab0:	21 f0       	breq	.+8      	; 0xaba <__stack+0x1bb>
     ab2:	b0 c0       	rjmp	.+352    	; 0xc14 <__stack+0x315>
     ab4:	e9 2f       	mov	r30, r25
     ab6:	e0 61       	ori	r30, 0x10	; 16
     ab8:	be 2e       	mov	r11, r30
     aba:	b4 fe       	sbrs	r11, 4
     abc:	0d c0       	rjmp	.+26     	; 0xad8 <__stack+0x1d9>
     abe:	fb 2d       	mov	r31, r11
     ac0:	f4 60       	ori	r31, 0x04	; 4
     ac2:	bf 2e       	mov	r11, r31
     ac4:	09 c0       	rjmp	.+18     	; 0xad8 <__stack+0x1d9>
     ac6:	34 fe       	sbrs	r3, 4
     ac8:	0a c0       	rjmp	.+20     	; 0xade <__stack+0x1df>
     aca:	29 2f       	mov	r18, r25
     acc:	26 60       	ori	r18, 0x06	; 6
     ace:	b2 2e       	mov	r11, r18
     ad0:	06 c0       	rjmp	.+12     	; 0xade <__stack+0x1df>
     ad2:	28 e0       	ldi	r18, 0x08	; 8
     ad4:	30 e0       	ldi	r19, 0x00	; 0
     ad6:	05 c0       	rjmp	.+10     	; 0xae2 <__stack+0x1e3>
     ad8:	20 e1       	ldi	r18, 0x10	; 16
     ada:	30 e0       	ldi	r19, 0x00	; 0
     adc:	02 c0       	rjmp	.+4      	; 0xae2 <__stack+0x1e3>
     ade:	20 e1       	ldi	r18, 0x10	; 16
     ae0:	32 e0       	ldi	r19, 0x02	; 2
     ae2:	f8 01       	movw	r30, r16
     ae4:	b7 fe       	sbrs	r11, 7
     ae6:	07 c0       	rjmp	.+14     	; 0xaf6 <__stack+0x1f7>
     ae8:	60 81       	ld	r22, Z
     aea:	71 81       	ldd	r23, Z+1	; 0x01
     aec:	82 81       	ldd	r24, Z+2	; 0x02
     aee:	93 81       	ldd	r25, Z+3	; 0x03
     af0:	0c 5f       	subi	r16, 0xFC	; 252
     af2:	1f 4f       	sbci	r17, 0xFF	; 255
     af4:	06 c0       	rjmp	.+12     	; 0xb02 <__stack+0x203>
     af6:	60 81       	ld	r22, Z
     af8:	71 81       	ldd	r23, Z+1	; 0x01
     afa:	80 e0       	ldi	r24, 0x00	; 0
     afc:	90 e0       	ldi	r25, 0x00	; 0
     afe:	0e 5f       	subi	r16, 0xFE	; 254
     b00:	1f 4f       	sbci	r17, 0xFF	; 255
     b02:	a3 01       	movw	r20, r6
     b04:	0e 94 98 08 	call	0x1130	; 0x1130 <__ultoa_invert>
     b08:	88 2e       	mov	r8, r24
     b0a:	86 18       	sub	r8, r6
     b0c:	fb 2d       	mov	r31, r11
     b0e:	ff 77       	andi	r31, 0x7F	; 127
     b10:	3f 2e       	mov	r3, r31
     b12:	36 fe       	sbrs	r3, 6
     b14:	0d c0       	rjmp	.+26     	; 0xb30 <__stack+0x231>
     b16:	23 2d       	mov	r18, r3
     b18:	2e 7f       	andi	r18, 0xFE	; 254
     b1a:	a2 2e       	mov	r10, r18
     b1c:	89 14       	cp	r8, r9
     b1e:	58 f4       	brcc	.+22     	; 0xb36 <__stack+0x237>
     b20:	34 fe       	sbrs	r3, 4
     b22:	0b c0       	rjmp	.+22     	; 0xb3a <__stack+0x23b>
     b24:	32 fc       	sbrc	r3, 2
     b26:	09 c0       	rjmp	.+18     	; 0xb3a <__stack+0x23b>
     b28:	83 2d       	mov	r24, r3
     b2a:	8e 7e       	andi	r24, 0xEE	; 238
     b2c:	a8 2e       	mov	r10, r24
     b2e:	05 c0       	rjmp	.+10     	; 0xb3a <__stack+0x23b>
     b30:	b8 2c       	mov	r11, r8
     b32:	a3 2c       	mov	r10, r3
     b34:	03 c0       	rjmp	.+6      	; 0xb3c <__stack+0x23d>
     b36:	b8 2c       	mov	r11, r8
     b38:	01 c0       	rjmp	.+2      	; 0xb3c <__stack+0x23d>
     b3a:	b9 2c       	mov	r11, r9
     b3c:	a4 fe       	sbrs	r10, 4
     b3e:	0f c0       	rjmp	.+30     	; 0xb5e <__stack+0x25f>
     b40:	fe 01       	movw	r30, r28
     b42:	e8 0d       	add	r30, r8
     b44:	f1 1d       	adc	r31, r1
     b46:	80 81       	ld	r24, Z
     b48:	80 33       	cpi	r24, 0x30	; 48
     b4a:	21 f4       	brne	.+8      	; 0xb54 <__stack+0x255>
     b4c:	9a 2d       	mov	r25, r10
     b4e:	99 7e       	andi	r25, 0xE9	; 233
     b50:	a9 2e       	mov	r10, r25
     b52:	09 c0       	rjmp	.+18     	; 0xb66 <__stack+0x267>
     b54:	a2 fe       	sbrs	r10, 2
     b56:	06 c0       	rjmp	.+12     	; 0xb64 <__stack+0x265>
     b58:	b3 94       	inc	r11
     b5a:	b3 94       	inc	r11
     b5c:	04 c0       	rjmp	.+8      	; 0xb66 <__stack+0x267>
     b5e:	8a 2d       	mov	r24, r10
     b60:	86 78       	andi	r24, 0x86	; 134
     b62:	09 f0       	breq	.+2      	; 0xb66 <__stack+0x267>
     b64:	b3 94       	inc	r11
     b66:	a3 fc       	sbrc	r10, 3
     b68:	11 c0       	rjmp	.+34     	; 0xb8c <__stack+0x28d>
     b6a:	a0 fe       	sbrs	r10, 0
     b6c:	06 c0       	rjmp	.+12     	; 0xb7a <__stack+0x27b>
     b6e:	b2 14       	cp	r11, r2
     b70:	88 f4       	brcc	.+34     	; 0xb94 <__stack+0x295>
     b72:	28 0c       	add	r2, r8
     b74:	92 2c       	mov	r9, r2
     b76:	9b 18       	sub	r9, r11
     b78:	0e c0       	rjmp	.+28     	; 0xb96 <__stack+0x297>
     b7a:	b2 14       	cp	r11, r2
     b7c:	60 f4       	brcc	.+24     	; 0xb96 <__stack+0x297>
     b7e:	b6 01       	movw	r22, r12
     b80:	80 e2       	ldi	r24, 0x20	; 32
     b82:	90 e0       	ldi	r25, 0x00	; 0
     b84:	0e 94 5c 08 	call	0x10b8	; 0x10b8 <fputc>
     b88:	b3 94       	inc	r11
     b8a:	f7 cf       	rjmp	.-18     	; 0xb7a <__stack+0x27b>
     b8c:	b2 14       	cp	r11, r2
     b8e:	18 f4       	brcc	.+6      	; 0xb96 <__stack+0x297>
     b90:	2b 18       	sub	r2, r11
     b92:	02 c0       	rjmp	.+4      	; 0xb98 <__stack+0x299>
     b94:	98 2c       	mov	r9, r8
     b96:	21 2c       	mov	r2, r1
     b98:	a4 fe       	sbrs	r10, 4
     b9a:	10 c0       	rjmp	.+32     	; 0xbbc <__stack+0x2bd>
     b9c:	b6 01       	movw	r22, r12
     b9e:	80 e3       	ldi	r24, 0x30	; 48
     ba0:	90 e0       	ldi	r25, 0x00	; 0
     ba2:	0e 94 5c 08 	call	0x10b8	; 0x10b8 <fputc>
     ba6:	a2 fe       	sbrs	r10, 2
     ba8:	17 c0       	rjmp	.+46     	; 0xbd8 <__stack+0x2d9>
     baa:	a1 fc       	sbrc	r10, 1
     bac:	03 c0       	rjmp	.+6      	; 0xbb4 <__stack+0x2b5>
     bae:	88 e7       	ldi	r24, 0x78	; 120
     bb0:	90 e0       	ldi	r25, 0x00	; 0
     bb2:	02 c0       	rjmp	.+4      	; 0xbb8 <__stack+0x2b9>
     bb4:	88 e5       	ldi	r24, 0x58	; 88
     bb6:	90 e0       	ldi	r25, 0x00	; 0
     bb8:	b6 01       	movw	r22, r12
     bba:	0c c0       	rjmp	.+24     	; 0xbd4 <__stack+0x2d5>
     bbc:	8a 2d       	mov	r24, r10
     bbe:	86 78       	andi	r24, 0x86	; 134
     bc0:	59 f0       	breq	.+22     	; 0xbd8 <__stack+0x2d9>
     bc2:	a1 fe       	sbrs	r10, 1
     bc4:	02 c0       	rjmp	.+4      	; 0xbca <__stack+0x2cb>
     bc6:	8b e2       	ldi	r24, 0x2B	; 43
     bc8:	01 c0       	rjmp	.+2      	; 0xbcc <__stack+0x2cd>
     bca:	80 e2       	ldi	r24, 0x20	; 32
     bcc:	a7 fc       	sbrc	r10, 7
     bce:	8d e2       	ldi	r24, 0x2D	; 45
     bd0:	b6 01       	movw	r22, r12
     bd2:	90 e0       	ldi	r25, 0x00	; 0
     bd4:	0e 94 5c 08 	call	0x10b8	; 0x10b8 <fputc>
     bd8:	89 14       	cp	r8, r9
     bda:	38 f4       	brcc	.+14     	; 0xbea <__stack+0x2eb>
     bdc:	b6 01       	movw	r22, r12
     bde:	80 e3       	ldi	r24, 0x30	; 48
     be0:	90 e0       	ldi	r25, 0x00	; 0
     be2:	0e 94 5c 08 	call	0x10b8	; 0x10b8 <fputc>
     be6:	9a 94       	dec	r9
     be8:	f7 cf       	rjmp	.-18     	; 0xbd8 <__stack+0x2d9>
     bea:	8a 94       	dec	r8
     bec:	f3 01       	movw	r30, r6
     bee:	e8 0d       	add	r30, r8
     bf0:	f1 1d       	adc	r31, r1
     bf2:	80 81       	ld	r24, Z
     bf4:	b6 01       	movw	r22, r12
     bf6:	90 e0       	ldi	r25, 0x00	; 0
     bf8:	0e 94 5c 08 	call	0x10b8	; 0x10b8 <fputc>
     bfc:	81 10       	cpse	r8, r1
     bfe:	f5 cf       	rjmp	.-22     	; 0xbea <__stack+0x2eb>
     c00:	22 20       	and	r2, r2
     c02:	09 f4       	brne	.+2      	; 0xc06 <__stack+0x307>
     c04:	42 ce       	rjmp	.-892    	; 0x88a <vfprintf+0x24>
     c06:	b6 01       	movw	r22, r12
     c08:	80 e2       	ldi	r24, 0x20	; 32
     c0a:	90 e0       	ldi	r25, 0x00	; 0
     c0c:	0e 94 5c 08 	call	0x10b8	; 0x10b8 <fputc>
     c10:	2a 94       	dec	r2
     c12:	f6 cf       	rjmp	.-20     	; 0xc00 <__stack+0x301>
     c14:	f6 01       	movw	r30, r12
     c16:	86 81       	ldd	r24, Z+6	; 0x06
     c18:	97 81       	ldd	r25, Z+7	; 0x07
     c1a:	02 c0       	rjmp	.+4      	; 0xc20 <__stack+0x321>
     c1c:	8f ef       	ldi	r24, 0xFF	; 255
     c1e:	9f ef       	ldi	r25, 0xFF	; 255
     c20:	2b 96       	adiw	r28, 0x0b	; 11
     c22:	e2 e1       	ldi	r30, 0x12	; 18
     c24:	0c 94 12 09 	jmp	0x1224	; 0x1224 <__epilogue_restores__>

00000c28 <dtoa_prf>:
     c28:	a9 e0       	ldi	r26, 0x09	; 9
     c2a:	b0 e0       	ldi	r27, 0x00	; 0
     c2c:	ea e1       	ldi	r30, 0x1A	; 26
     c2e:	f6 e0       	ldi	r31, 0x06	; 6
     c30:	0c 94 fc 08 	jmp	0x11f8	; 0x11f8 <__prologue_saves__+0xc>
     c34:	6a 01       	movw	r12, r20
     c36:	12 2f       	mov	r17, r18
     c38:	b0 2e       	mov	r11, r16
     c3a:	2b e3       	ldi	r18, 0x3B	; 59
     c3c:	20 17       	cp	r18, r16
     c3e:	20 f0       	brcs	.+8      	; 0xc48 <dtoa_prf+0x20>
     c40:	ff 24       	eor	r15, r15
     c42:	f3 94       	inc	r15
     c44:	f0 0e       	add	r15, r16
     c46:	02 c0       	rjmp	.+4      	; 0xc4c <dtoa_prf+0x24>
     c48:	2c e3       	ldi	r18, 0x3C	; 60
     c4a:	f2 2e       	mov	r15, r18
     c4c:	0f 2d       	mov	r16, r15
     c4e:	27 e0       	ldi	r18, 0x07	; 7
     c50:	ae 01       	movw	r20, r28
     c52:	4f 5f       	subi	r20, 0xFF	; 255
     c54:	5f 4f       	sbci	r21, 0xFF	; 255
     c56:	0e 94 6e 07 	call	0xedc	; 0xedc <__ftoa_engine>
     c5a:	bc 01       	movw	r22, r24
     c5c:	49 81       	ldd	r20, Y+1	; 0x01
     c5e:	84 2f       	mov	r24, r20
     c60:	89 70       	andi	r24, 0x09	; 9
     c62:	81 30       	cpi	r24, 0x01	; 1
     c64:	31 f0       	breq	.+12     	; 0xc72 <dtoa_prf+0x4a>
     c66:	e1 fc       	sbrc	r14, 1
     c68:	06 c0       	rjmp	.+12     	; 0xc76 <dtoa_prf+0x4e>
     c6a:	e0 fe       	sbrs	r14, 0
     c6c:	06 c0       	rjmp	.+12     	; 0xc7a <dtoa_prf+0x52>
     c6e:	90 e2       	ldi	r25, 0x20	; 32
     c70:	05 c0       	rjmp	.+10     	; 0xc7c <dtoa_prf+0x54>
     c72:	9d e2       	ldi	r25, 0x2D	; 45
     c74:	03 c0       	rjmp	.+6      	; 0xc7c <dtoa_prf+0x54>
     c76:	9b e2       	ldi	r25, 0x2B	; 43
     c78:	01 c0       	rjmp	.+2      	; 0xc7c <dtoa_prf+0x54>
     c7a:	90 e0       	ldi	r25, 0x00	; 0
     c7c:	5e 2d       	mov	r21, r14
     c7e:	50 71       	andi	r21, 0x10	; 16
     c80:	43 ff       	sbrs	r20, 3
     c82:	3c c0       	rjmp	.+120    	; 0xcfc <dtoa_prf+0xd4>
     c84:	91 11       	cpse	r25, r1
     c86:	02 c0       	rjmp	.+4      	; 0xc8c <dtoa_prf+0x64>
     c88:	83 e0       	ldi	r24, 0x03	; 3
     c8a:	01 c0       	rjmp	.+2      	; 0xc8e <dtoa_prf+0x66>
     c8c:	84 e0       	ldi	r24, 0x04	; 4
     c8e:	81 17       	cp	r24, r17
     c90:	18 f4       	brcc	.+6      	; 0xc98 <dtoa_prf+0x70>
     c92:	21 2f       	mov	r18, r17
     c94:	28 1b       	sub	r18, r24
     c96:	01 c0       	rjmp	.+2      	; 0xc9a <dtoa_prf+0x72>
     c98:	20 e0       	ldi	r18, 0x00	; 0
     c9a:	51 11       	cpse	r21, r1
     c9c:	0b c0       	rjmp	.+22     	; 0xcb4 <dtoa_prf+0x8c>
     c9e:	f6 01       	movw	r30, r12
     ca0:	82 2f       	mov	r24, r18
     ca2:	30 e2       	ldi	r19, 0x20	; 32
     ca4:	88 23       	and	r24, r24
     ca6:	19 f0       	breq	.+6      	; 0xcae <dtoa_prf+0x86>
     ca8:	31 93       	st	Z+, r19
     caa:	81 50       	subi	r24, 0x01	; 1
     cac:	fb cf       	rjmp	.-10     	; 0xca4 <dtoa_prf+0x7c>
     cae:	c2 0e       	add	r12, r18
     cb0:	d1 1c       	adc	r13, r1
     cb2:	20 e0       	ldi	r18, 0x00	; 0
     cb4:	99 23       	and	r25, r25
     cb6:	29 f0       	breq	.+10     	; 0xcc2 <dtoa_prf+0x9a>
     cb8:	d6 01       	movw	r26, r12
     cba:	9c 93       	st	X, r25
     cbc:	f6 01       	movw	r30, r12
     cbe:	31 96       	adiw	r30, 0x01	; 1
     cc0:	6f 01       	movw	r12, r30
     cc2:	c6 01       	movw	r24, r12
     cc4:	03 96       	adiw	r24, 0x03	; 3
     cc6:	e2 fe       	sbrs	r14, 2
     cc8:	0a c0       	rjmp	.+20     	; 0xcde <dtoa_prf+0xb6>
     cca:	3e e4       	ldi	r19, 0x4E	; 78
     ccc:	d6 01       	movw	r26, r12
     cce:	3c 93       	st	X, r19
     cd0:	41 e4       	ldi	r20, 0x41	; 65
     cd2:	11 96       	adiw	r26, 0x01	; 1
     cd4:	4c 93       	st	X, r20
     cd6:	11 97       	sbiw	r26, 0x01	; 1
     cd8:	12 96       	adiw	r26, 0x02	; 2
     cda:	3c 93       	st	X, r19
     cdc:	06 c0       	rjmp	.+12     	; 0xcea <dtoa_prf+0xc2>
     cde:	3e e6       	ldi	r19, 0x6E	; 110
     ce0:	f6 01       	movw	r30, r12
     ce2:	30 83       	st	Z, r19
     ce4:	41 e6       	ldi	r20, 0x61	; 97
     ce6:	41 83       	std	Z+1, r20	; 0x01
     ce8:	32 83       	std	Z+2, r19	; 0x02
     cea:	fc 01       	movw	r30, r24
     cec:	32 2f       	mov	r19, r18
     cee:	40 e2       	ldi	r20, 0x20	; 32
     cf0:	33 23       	and	r19, r19
     cf2:	09 f4       	brne	.+2      	; 0xcf6 <dtoa_prf+0xce>
     cf4:	42 c0       	rjmp	.+132    	; 0xd7a <dtoa_prf+0x152>
     cf6:	41 93       	st	Z+, r20
     cf8:	31 50       	subi	r19, 0x01	; 1
     cfa:	fa cf       	rjmp	.-12     	; 0xcf0 <dtoa_prf+0xc8>
     cfc:	42 ff       	sbrs	r20, 2
     cfe:	44 c0       	rjmp	.+136    	; 0xd88 <dtoa_prf+0x160>
     d00:	91 11       	cpse	r25, r1
     d02:	02 c0       	rjmp	.+4      	; 0xd08 <dtoa_prf+0xe0>
     d04:	83 e0       	ldi	r24, 0x03	; 3
     d06:	01 c0       	rjmp	.+2      	; 0xd0a <dtoa_prf+0xe2>
     d08:	84 e0       	ldi	r24, 0x04	; 4
     d0a:	81 17       	cp	r24, r17
     d0c:	18 f4       	brcc	.+6      	; 0xd14 <dtoa_prf+0xec>
     d0e:	21 2f       	mov	r18, r17
     d10:	28 1b       	sub	r18, r24
     d12:	01 c0       	rjmp	.+2      	; 0xd16 <dtoa_prf+0xee>
     d14:	20 e0       	ldi	r18, 0x00	; 0
     d16:	51 11       	cpse	r21, r1
     d18:	0b c0       	rjmp	.+22     	; 0xd30 <dtoa_prf+0x108>
     d1a:	f6 01       	movw	r30, r12
     d1c:	82 2f       	mov	r24, r18
     d1e:	30 e2       	ldi	r19, 0x20	; 32
     d20:	88 23       	and	r24, r24
     d22:	19 f0       	breq	.+6      	; 0xd2a <dtoa_prf+0x102>
     d24:	31 93       	st	Z+, r19
     d26:	81 50       	subi	r24, 0x01	; 1
     d28:	fb cf       	rjmp	.-10     	; 0xd20 <dtoa_prf+0xf8>
     d2a:	c2 0e       	add	r12, r18
     d2c:	d1 1c       	adc	r13, r1
     d2e:	20 e0       	ldi	r18, 0x00	; 0
     d30:	99 23       	and	r25, r25
     d32:	29 f0       	breq	.+10     	; 0xd3e <dtoa_prf+0x116>
     d34:	d6 01       	movw	r26, r12
     d36:	9c 93       	st	X, r25
     d38:	f6 01       	movw	r30, r12
     d3a:	31 96       	adiw	r30, 0x01	; 1
     d3c:	6f 01       	movw	r12, r30
     d3e:	c6 01       	movw	r24, r12
     d40:	03 96       	adiw	r24, 0x03	; 3
     d42:	e2 fe       	sbrs	r14, 2
     d44:	0b c0       	rjmp	.+22     	; 0xd5c <dtoa_prf+0x134>
     d46:	39 e4       	ldi	r19, 0x49	; 73
     d48:	d6 01       	movw	r26, r12
     d4a:	3c 93       	st	X, r19
     d4c:	3e e4       	ldi	r19, 0x4E	; 78
     d4e:	11 96       	adiw	r26, 0x01	; 1
     d50:	3c 93       	st	X, r19
     d52:	11 97       	sbiw	r26, 0x01	; 1
     d54:	36 e4       	ldi	r19, 0x46	; 70
     d56:	12 96       	adiw	r26, 0x02	; 2
     d58:	3c 93       	st	X, r19
     d5a:	07 c0       	rjmp	.+14     	; 0xd6a <dtoa_prf+0x142>
     d5c:	39 e6       	ldi	r19, 0x69	; 105
     d5e:	f6 01       	movw	r30, r12
     d60:	30 83       	st	Z, r19
     d62:	3e e6       	ldi	r19, 0x6E	; 110
     d64:	31 83       	std	Z+1, r19	; 0x01
     d66:	36 e6       	ldi	r19, 0x66	; 102
     d68:	32 83       	std	Z+2, r19	; 0x02
     d6a:	fc 01       	movw	r30, r24
     d6c:	32 2f       	mov	r19, r18
     d6e:	40 e2       	ldi	r20, 0x20	; 32
     d70:	33 23       	and	r19, r19
     d72:	19 f0       	breq	.+6      	; 0xd7a <dtoa_prf+0x152>
     d74:	41 93       	st	Z+, r20
     d76:	31 50       	subi	r19, 0x01	; 1
     d78:	fb cf       	rjmp	.-10     	; 0xd70 <dtoa_prf+0x148>
     d7a:	fc 01       	movw	r30, r24
     d7c:	e2 0f       	add	r30, r18
     d7e:	f1 1d       	adc	r31, r1
     d80:	10 82       	st	Z, r1
     d82:	8e ef       	ldi	r24, 0xFE	; 254
     d84:	9f ef       	ldi	r25, 0xFF	; 255
     d86:	a6 c0       	rjmp	.+332    	; 0xed4 <dtoa_prf+0x2ac>
     d88:	21 e0       	ldi	r18, 0x01	; 1
     d8a:	30 e0       	ldi	r19, 0x00	; 0
     d8c:	91 11       	cpse	r25, r1
     d8e:	02 c0       	rjmp	.+4      	; 0xd94 <dtoa_prf+0x16c>
     d90:	20 e0       	ldi	r18, 0x00	; 0
     d92:	30 e0       	ldi	r19, 0x00	; 0
     d94:	16 16       	cp	r1, r22
     d96:	17 06       	cpc	r1, r23
     d98:	1c f4       	brge	.+6      	; 0xda0 <dtoa_prf+0x178>
     d9a:	fb 01       	movw	r30, r22
     d9c:	31 96       	adiw	r30, 0x01	; 1
     d9e:	02 c0       	rjmp	.+4      	; 0xda4 <dtoa_prf+0x17c>
     da0:	e1 e0       	ldi	r30, 0x01	; 1
     da2:	f0 e0       	ldi	r31, 0x00	; 0
     da4:	2e 0f       	add	r18, r30
     da6:	3f 1f       	adc	r19, r31
     da8:	bb 20       	and	r11, r11
     daa:	21 f0       	breq	.+8      	; 0xdb4 <dtoa_prf+0x18c>
     dac:	eb 2d       	mov	r30, r11
     dae:	f0 e0       	ldi	r31, 0x00	; 0
     db0:	31 96       	adiw	r30, 0x01	; 1
     db2:	02 c0       	rjmp	.+4      	; 0xdb8 <dtoa_prf+0x190>
     db4:	e0 e0       	ldi	r30, 0x00	; 0
     db6:	f0 e0       	ldi	r31, 0x00	; 0
     db8:	2e 0f       	add	r18, r30
     dba:	3f 1f       	adc	r19, r31
     dbc:	e1 2f       	mov	r30, r17
     dbe:	f0 e0       	ldi	r31, 0x00	; 0
     dc0:	2e 17       	cp	r18, r30
     dc2:	3f 07       	cpc	r19, r31
     dc4:	1c f4       	brge	.+6      	; 0xdcc <dtoa_prf+0x1a4>
     dc6:	12 1b       	sub	r17, r18
     dc8:	21 2f       	mov	r18, r17
     dca:	01 c0       	rjmp	.+2      	; 0xdce <dtoa_prf+0x1a6>
     dcc:	20 e0       	ldi	r18, 0x00	; 0
     dce:	8e 2d       	mov	r24, r14
     dd0:	88 71       	andi	r24, 0x18	; 24
     dd2:	59 f4       	brne	.+22     	; 0xdea <dtoa_prf+0x1c2>
     dd4:	f6 01       	movw	r30, r12
     dd6:	82 2f       	mov	r24, r18
     dd8:	30 e2       	ldi	r19, 0x20	; 32
     dda:	88 23       	and	r24, r24
     ddc:	19 f0       	breq	.+6      	; 0xde4 <dtoa_prf+0x1bc>
     dde:	31 93       	st	Z+, r19
     de0:	81 50       	subi	r24, 0x01	; 1
     de2:	fb cf       	rjmp	.-10     	; 0xdda <dtoa_prf+0x1b2>
     de4:	c2 0e       	add	r12, r18
     de6:	d1 1c       	adc	r13, r1
     de8:	20 e0       	ldi	r18, 0x00	; 0
     dea:	99 23       	and	r25, r25
     dec:	29 f0       	breq	.+10     	; 0xdf8 <dtoa_prf+0x1d0>
     dee:	d6 01       	movw	r26, r12
     df0:	9c 93       	st	X, r25
     df2:	f6 01       	movw	r30, r12
     df4:	31 96       	adiw	r30, 0x01	; 1
     df6:	6f 01       	movw	r12, r30
     df8:	51 11       	cpse	r21, r1
     dfa:	0b c0       	rjmp	.+22     	; 0xe12 <dtoa_prf+0x1ea>
     dfc:	f6 01       	movw	r30, r12
     dfe:	82 2f       	mov	r24, r18
     e00:	90 e3       	ldi	r25, 0x30	; 48
     e02:	88 23       	and	r24, r24
     e04:	19 f0       	breq	.+6      	; 0xe0c <dtoa_prf+0x1e4>
     e06:	91 93       	st	Z+, r25
     e08:	81 50       	subi	r24, 0x01	; 1
     e0a:	fb cf       	rjmp	.-10     	; 0xe02 <dtoa_prf+0x1da>
     e0c:	c2 0e       	add	r12, r18
     e0e:	d1 1c       	adc	r13, r1
     e10:	20 e0       	ldi	r18, 0x00	; 0
     e12:	0f 2d       	mov	r16, r15
     e14:	06 0f       	add	r16, r22
     e16:	9a 81       	ldd	r25, Y+2	; 0x02
     e18:	34 2f       	mov	r19, r20
     e1a:	30 71       	andi	r19, 0x10	; 16
     e1c:	44 ff       	sbrs	r20, 4
     e1e:	03 c0       	rjmp	.+6      	; 0xe26 <dtoa_prf+0x1fe>
     e20:	91 33       	cpi	r25, 0x31	; 49
     e22:	09 f4       	brne	.+2      	; 0xe26 <dtoa_prf+0x1fe>
     e24:	01 50       	subi	r16, 0x01	; 1
     e26:	10 16       	cp	r1, r16
     e28:	24 f4       	brge	.+8      	; 0xe32 <dtoa_prf+0x20a>
     e2a:	09 30       	cpi	r16, 0x09	; 9
     e2c:	18 f0       	brcs	.+6      	; 0xe34 <dtoa_prf+0x20c>
     e2e:	08 e0       	ldi	r16, 0x08	; 8
     e30:	01 c0       	rjmp	.+2      	; 0xe34 <dtoa_prf+0x20c>
     e32:	01 e0       	ldi	r16, 0x01	; 1
     e34:	ab 01       	movw	r20, r22
     e36:	77 ff       	sbrs	r23, 7
     e38:	02 c0       	rjmp	.+4      	; 0xe3e <dtoa_prf+0x216>
     e3a:	40 e0       	ldi	r20, 0x00	; 0
     e3c:	50 e0       	ldi	r21, 0x00	; 0
     e3e:	fb 01       	movw	r30, r22
     e40:	e4 1b       	sub	r30, r20
     e42:	f5 0b       	sbc	r31, r21
     e44:	a1 e0       	ldi	r26, 0x01	; 1
     e46:	b0 e0       	ldi	r27, 0x00	; 0
     e48:	ac 0f       	add	r26, r28
     e4a:	bd 1f       	adc	r27, r29
     e4c:	ea 0f       	add	r30, r26
     e4e:	fb 1f       	adc	r31, r27
     e50:	8e e2       	ldi	r24, 0x2E	; 46
     e52:	a8 2e       	mov	r10, r24
     e54:	4b 01       	movw	r8, r22
     e56:	80 1a       	sub	r8, r16
     e58:	91 08       	sbc	r9, r1
     e5a:	0b 2d       	mov	r16, r11
     e5c:	10 e0       	ldi	r17, 0x00	; 0
     e5e:	11 95       	neg	r17
     e60:	01 95       	neg	r16
     e62:	11 09       	sbc	r17, r1
     e64:	4f 3f       	cpi	r20, 0xFF	; 255
     e66:	bf ef       	ldi	r27, 0xFF	; 255
     e68:	5b 07       	cpc	r21, r27
     e6a:	21 f4       	brne	.+8      	; 0xe74 <dtoa_prf+0x24c>
     e6c:	d6 01       	movw	r26, r12
     e6e:	ac 92       	st	X, r10
     e70:	11 96       	adiw	r26, 0x01	; 1
     e72:	6d 01       	movw	r12, r26
     e74:	64 17       	cp	r22, r20
     e76:	75 07       	cpc	r23, r21
     e78:	2c f0       	brlt	.+10     	; 0xe84 <dtoa_prf+0x25c>
     e7a:	84 16       	cp	r8, r20
     e7c:	95 06       	cpc	r9, r21
     e7e:	14 f4       	brge	.+4      	; 0xe84 <dtoa_prf+0x25c>
     e80:	81 81       	ldd	r24, Z+1	; 0x01
     e82:	01 c0       	rjmp	.+2      	; 0xe86 <dtoa_prf+0x25e>
     e84:	80 e3       	ldi	r24, 0x30	; 48
     e86:	41 50       	subi	r20, 0x01	; 1
     e88:	51 09       	sbc	r21, r1
     e8a:	31 96       	adiw	r30, 0x01	; 1
     e8c:	d6 01       	movw	r26, r12
     e8e:	11 96       	adiw	r26, 0x01	; 1
     e90:	7d 01       	movw	r14, r26
     e92:	40 17       	cp	r20, r16
     e94:	51 07       	cpc	r21, r17
     e96:	24 f0       	brlt	.+8      	; 0xea0 <dtoa_prf+0x278>
     e98:	d6 01       	movw	r26, r12
     e9a:	8c 93       	st	X, r24
     e9c:	67 01       	movw	r12, r14
     e9e:	e2 cf       	rjmp	.-60     	; 0xe64 <dtoa_prf+0x23c>
     ea0:	64 17       	cp	r22, r20
     ea2:	75 07       	cpc	r23, r21
     ea4:	39 f4       	brne	.+14     	; 0xeb4 <dtoa_prf+0x28c>
     ea6:	96 33       	cpi	r25, 0x36	; 54
     ea8:	20 f4       	brcc	.+8      	; 0xeb2 <dtoa_prf+0x28a>
     eaa:	95 33       	cpi	r25, 0x35	; 53
     eac:	19 f4       	brne	.+6      	; 0xeb4 <dtoa_prf+0x28c>
     eae:	31 11       	cpse	r19, r1
     eb0:	01 c0       	rjmp	.+2      	; 0xeb4 <dtoa_prf+0x28c>
     eb2:	81 e3       	ldi	r24, 0x31	; 49
     eb4:	f6 01       	movw	r30, r12
     eb6:	80 83       	st	Z, r24
     eb8:	f7 01       	movw	r30, r14
     eba:	82 2f       	mov	r24, r18
     ebc:	90 e2       	ldi	r25, 0x20	; 32
     ebe:	88 23       	and	r24, r24
     ec0:	19 f0       	breq	.+6      	; 0xec8 <dtoa_prf+0x2a0>
     ec2:	91 93       	st	Z+, r25
     ec4:	81 50       	subi	r24, 0x01	; 1
     ec6:	fb cf       	rjmp	.-10     	; 0xebe <dtoa_prf+0x296>
     ec8:	f7 01       	movw	r30, r14
     eca:	e2 0f       	add	r30, r18
     ecc:	f1 1d       	adc	r31, r1
     ece:	10 82       	st	Z, r1
     ed0:	80 e0       	ldi	r24, 0x00	; 0
     ed2:	90 e0       	ldi	r25, 0x00	; 0
     ed4:	29 96       	adiw	r28, 0x09	; 9
     ed6:	ec e0       	ldi	r30, 0x0C	; 12
     ed8:	0c 94 18 09 	jmp	0x1230	; 0x1230 <__epilogue_restores__+0xc>

00000edc <__ftoa_engine>:
     edc:	28 30       	cpi	r18, 0x08	; 8
     ede:	08 f0       	brcs	.+2      	; 0xee2 <__ftoa_engine+0x6>
     ee0:	27 e0       	ldi	r18, 0x07	; 7
     ee2:	33 27       	eor	r19, r19
     ee4:	da 01       	movw	r26, r20
     ee6:	99 0f       	add	r25, r25
     ee8:	31 1d       	adc	r19, r1
     eea:	87 fd       	sbrc	r24, 7
     eec:	91 60       	ori	r25, 0x01	; 1
     eee:	00 96       	adiw	r24, 0x00	; 0
     ef0:	61 05       	cpc	r22, r1
     ef2:	71 05       	cpc	r23, r1
     ef4:	39 f4       	brne	.+14     	; 0xf04 <__ftoa_engine+0x28>
     ef6:	32 60       	ori	r19, 0x02	; 2
     ef8:	2e 5f       	subi	r18, 0xFE	; 254
     efa:	3d 93       	st	X+, r19
     efc:	30 e3       	ldi	r19, 0x30	; 48
     efe:	2a 95       	dec	r18
     f00:	e1 f7       	brne	.-8      	; 0xefa <__ftoa_engine+0x1e>
     f02:	08 95       	ret
     f04:	9f 3f       	cpi	r25, 0xFF	; 255
     f06:	30 f0       	brcs	.+12     	; 0xf14 <__ftoa_engine+0x38>
     f08:	80 38       	cpi	r24, 0x80	; 128
     f0a:	71 05       	cpc	r23, r1
     f0c:	61 05       	cpc	r22, r1
     f0e:	09 f0       	breq	.+2      	; 0xf12 <__ftoa_engine+0x36>
     f10:	3c 5f       	subi	r19, 0xFC	; 252
     f12:	3c 5f       	subi	r19, 0xFC	; 252
     f14:	3d 93       	st	X+, r19
     f16:	91 30       	cpi	r25, 0x01	; 1
     f18:	08 f0       	brcs	.+2      	; 0xf1c <__ftoa_engine+0x40>
     f1a:	80 68       	ori	r24, 0x80	; 128
     f1c:	91 1d       	adc	r25, r1
     f1e:	df 93       	push	r29
     f20:	cf 93       	push	r28
     f22:	1f 93       	push	r17
     f24:	0f 93       	push	r16
     f26:	ff 92       	push	r15
     f28:	ef 92       	push	r14
     f2a:	19 2f       	mov	r17, r25
     f2c:	98 7f       	andi	r25, 0xF8	; 248
     f2e:	96 95       	lsr	r25
     f30:	e9 2f       	mov	r30, r25
     f32:	96 95       	lsr	r25
     f34:	96 95       	lsr	r25
     f36:	e9 0f       	add	r30, r25
     f38:	ff 27       	eor	r31, r31
     f3a:	ee 53       	subi	r30, 0x3E	; 62
     f3c:	ff 4f       	sbci	r31, 0xFF	; 255
     f3e:	99 27       	eor	r25, r25
     f40:	33 27       	eor	r19, r19
     f42:	ee 24       	eor	r14, r14
     f44:	ff 24       	eor	r15, r15
     f46:	a7 01       	movw	r20, r14
     f48:	e7 01       	movw	r28, r14
     f4a:	05 90       	lpm	r0, Z+
     f4c:	08 94       	sec
     f4e:	07 94       	ror	r0
     f50:	28 f4       	brcc	.+10     	; 0xf5c <__ftoa_engine+0x80>
     f52:	36 0f       	add	r19, r22
     f54:	e7 1e       	adc	r14, r23
     f56:	f8 1e       	adc	r15, r24
     f58:	49 1f       	adc	r20, r25
     f5a:	51 1d       	adc	r21, r1
     f5c:	66 0f       	add	r22, r22
     f5e:	77 1f       	adc	r23, r23
     f60:	88 1f       	adc	r24, r24
     f62:	99 1f       	adc	r25, r25
     f64:	06 94       	lsr	r0
     f66:	a1 f7       	brne	.-24     	; 0xf50 <__ftoa_engine+0x74>
     f68:	05 90       	lpm	r0, Z+
     f6a:	07 94       	ror	r0
     f6c:	28 f4       	brcc	.+10     	; 0xf78 <__ftoa_engine+0x9c>
     f6e:	e7 0e       	add	r14, r23
     f70:	f8 1e       	adc	r15, r24
     f72:	49 1f       	adc	r20, r25
     f74:	56 1f       	adc	r21, r22
     f76:	c1 1d       	adc	r28, r1
     f78:	77 0f       	add	r23, r23
     f7a:	88 1f       	adc	r24, r24
     f7c:	99 1f       	adc	r25, r25
     f7e:	66 1f       	adc	r22, r22
     f80:	06 94       	lsr	r0
     f82:	a1 f7       	brne	.-24     	; 0xf6c <__ftoa_engine+0x90>
     f84:	05 90       	lpm	r0, Z+
     f86:	07 94       	ror	r0
     f88:	28 f4       	brcc	.+10     	; 0xf94 <__ftoa_engine+0xb8>
     f8a:	f8 0e       	add	r15, r24
     f8c:	49 1f       	adc	r20, r25
     f8e:	56 1f       	adc	r21, r22
     f90:	c7 1f       	adc	r28, r23
     f92:	d1 1d       	adc	r29, r1
     f94:	88 0f       	add	r24, r24
     f96:	99 1f       	adc	r25, r25
     f98:	66 1f       	adc	r22, r22
     f9a:	77 1f       	adc	r23, r23
     f9c:	06 94       	lsr	r0
     f9e:	a1 f7       	brne	.-24     	; 0xf88 <__ftoa_engine+0xac>
     fa0:	05 90       	lpm	r0, Z+
     fa2:	07 94       	ror	r0
     fa4:	20 f4       	brcc	.+8      	; 0xfae <__ftoa_engine+0xd2>
     fa6:	49 0f       	add	r20, r25
     fa8:	56 1f       	adc	r21, r22
     faa:	c7 1f       	adc	r28, r23
     fac:	d8 1f       	adc	r29, r24
     fae:	99 0f       	add	r25, r25
     fb0:	66 1f       	adc	r22, r22
     fb2:	77 1f       	adc	r23, r23
     fb4:	88 1f       	adc	r24, r24
     fb6:	06 94       	lsr	r0
     fb8:	a9 f7       	brne	.-22     	; 0xfa4 <__ftoa_engine+0xc8>
     fba:	84 91       	lpm	r24, Z
     fbc:	10 95       	com	r17
     fbe:	17 70       	andi	r17, 0x07	; 7
     fc0:	41 f0       	breq	.+16     	; 0xfd2 <__ftoa_engine+0xf6>
     fc2:	d6 95       	lsr	r29
     fc4:	c7 95       	ror	r28
     fc6:	57 95       	ror	r21
     fc8:	47 95       	ror	r20
     fca:	f7 94       	ror	r15
     fcc:	e7 94       	ror	r14
     fce:	1a 95       	dec	r17
     fd0:	c1 f7       	brne	.-16     	; 0xfc2 <__ftoa_engine+0xe6>
     fd2:	e8 e6       	ldi	r30, 0x68	; 104
     fd4:	f0 e0       	ldi	r31, 0x00	; 0
     fd6:	68 94       	set
     fd8:	15 90       	lpm	r1, Z+
     fda:	15 91       	lpm	r17, Z+
     fdc:	35 91       	lpm	r19, Z+
     fde:	65 91       	lpm	r22, Z+
     fe0:	95 91       	lpm	r25, Z+
     fe2:	05 90       	lpm	r0, Z+
     fe4:	7f e2       	ldi	r23, 0x2F	; 47
     fe6:	73 95       	inc	r23
     fe8:	e1 18       	sub	r14, r1
     fea:	f1 0a       	sbc	r15, r17
     fec:	43 0b       	sbc	r20, r19
     fee:	56 0b       	sbc	r21, r22
     ff0:	c9 0b       	sbc	r28, r25
     ff2:	d0 09       	sbc	r29, r0
     ff4:	c0 f7       	brcc	.-16     	; 0xfe6 <__ftoa_engine+0x10a>
     ff6:	e1 0c       	add	r14, r1
     ff8:	f1 1e       	adc	r15, r17
     ffa:	43 1f       	adc	r20, r19
     ffc:	56 1f       	adc	r21, r22
     ffe:	c9 1f       	adc	r28, r25
    1000:	d0 1d       	adc	r29, r0
    1002:	7e f4       	brtc	.+30     	; 0x1022 <__ftoa_engine+0x146>
    1004:	70 33       	cpi	r23, 0x30	; 48
    1006:	11 f4       	brne	.+4      	; 0x100c <__ftoa_engine+0x130>
    1008:	8a 95       	dec	r24
    100a:	e6 cf       	rjmp	.-52     	; 0xfd8 <__ftoa_engine+0xfc>
    100c:	e8 94       	clt
    100e:	01 50       	subi	r16, 0x01	; 1
    1010:	30 f0       	brcs	.+12     	; 0x101e <__ftoa_engine+0x142>
    1012:	08 0f       	add	r16, r24
    1014:	0a f4       	brpl	.+2      	; 0x1018 <__ftoa_engine+0x13c>
    1016:	00 27       	eor	r16, r16
    1018:	02 17       	cp	r16, r18
    101a:	08 f4       	brcc	.+2      	; 0x101e <__ftoa_engine+0x142>
    101c:	20 2f       	mov	r18, r16
    101e:	23 95       	inc	r18
    1020:	02 2f       	mov	r16, r18
    1022:	7a 33       	cpi	r23, 0x3A	; 58
    1024:	28 f0       	brcs	.+10     	; 0x1030 <__ftoa_engine+0x154>
    1026:	79 e3       	ldi	r23, 0x39	; 57
    1028:	7d 93       	st	X+, r23
    102a:	2a 95       	dec	r18
    102c:	e9 f7       	brne	.-6      	; 0x1028 <__ftoa_engine+0x14c>
    102e:	10 c0       	rjmp	.+32     	; 0x1050 <__ftoa_engine+0x174>
    1030:	7d 93       	st	X+, r23
    1032:	2a 95       	dec	r18
    1034:	89 f6       	brne	.-94     	; 0xfd8 <__ftoa_engine+0xfc>
    1036:	06 94       	lsr	r0
    1038:	97 95       	ror	r25
    103a:	67 95       	ror	r22
    103c:	37 95       	ror	r19
    103e:	17 95       	ror	r17
    1040:	17 94       	ror	r1
    1042:	e1 18       	sub	r14, r1
    1044:	f1 0a       	sbc	r15, r17
    1046:	43 0b       	sbc	r20, r19
    1048:	56 0b       	sbc	r21, r22
    104a:	c9 0b       	sbc	r28, r25
    104c:	d0 09       	sbc	r29, r0
    104e:	98 f0       	brcs	.+38     	; 0x1076 <__ftoa_engine+0x19a>
    1050:	23 95       	inc	r18
    1052:	7e 91       	ld	r23, -X
    1054:	73 95       	inc	r23
    1056:	7a 33       	cpi	r23, 0x3A	; 58
    1058:	08 f0       	brcs	.+2      	; 0x105c <__ftoa_engine+0x180>
    105a:	70 e3       	ldi	r23, 0x30	; 48
    105c:	7c 93       	st	X, r23
    105e:	20 13       	cpse	r18, r16
    1060:	b8 f7       	brcc	.-18     	; 0x1050 <__ftoa_engine+0x174>
    1062:	7e 91       	ld	r23, -X
    1064:	70 61       	ori	r23, 0x10	; 16
    1066:	7d 93       	st	X+, r23
    1068:	30 f0       	brcs	.+12     	; 0x1076 <__ftoa_engine+0x19a>
    106a:	83 95       	inc	r24
    106c:	71 e3       	ldi	r23, 0x31	; 49
    106e:	7d 93       	st	X+, r23
    1070:	70 e3       	ldi	r23, 0x30	; 48
    1072:	2a 95       	dec	r18
    1074:	e1 f7       	brne	.-8      	; 0x106e <__ftoa_engine+0x192>
    1076:	11 24       	eor	r1, r1
    1078:	ef 90       	pop	r14
    107a:	ff 90       	pop	r15
    107c:	0f 91       	pop	r16
    107e:	1f 91       	pop	r17
    1080:	cf 91       	pop	r28
    1082:	df 91       	pop	r29
    1084:	99 27       	eor	r25, r25
    1086:	87 fd       	sbrc	r24, 7
    1088:	90 95       	com	r25
    108a:	08 95       	ret

0000108c <strnlen_P>:
    108c:	fc 01       	movw	r30, r24
    108e:	05 90       	lpm	r0, Z+
    1090:	61 50       	subi	r22, 0x01	; 1
    1092:	70 40       	sbci	r23, 0x00	; 0
    1094:	01 10       	cpse	r0, r1
    1096:	d8 f7       	brcc	.-10     	; 0x108e <strnlen_P+0x2>
    1098:	80 95       	com	r24
    109a:	90 95       	com	r25
    109c:	8e 0f       	add	r24, r30
    109e:	9f 1f       	adc	r25, r31
    10a0:	08 95       	ret

000010a2 <strnlen>:
    10a2:	fc 01       	movw	r30, r24
    10a4:	61 50       	subi	r22, 0x01	; 1
    10a6:	70 40       	sbci	r23, 0x00	; 0
    10a8:	01 90       	ld	r0, Z+
    10aa:	01 10       	cpse	r0, r1
    10ac:	d8 f7       	brcc	.-10     	; 0x10a4 <strnlen+0x2>
    10ae:	80 95       	com	r24
    10b0:	90 95       	com	r25
    10b2:	8e 0f       	add	r24, r30
    10b4:	9f 1f       	adc	r25, r31
    10b6:	08 95       	ret

000010b8 <fputc>:
    10b8:	0f 93       	push	r16
    10ba:	1f 93       	push	r17
    10bc:	cf 93       	push	r28
    10be:	df 93       	push	r29
    10c0:	fb 01       	movw	r30, r22
    10c2:	23 81       	ldd	r18, Z+3	; 0x03
    10c4:	21 fd       	sbrc	r18, 1
    10c6:	03 c0       	rjmp	.+6      	; 0x10ce <fputc+0x16>
    10c8:	8f ef       	ldi	r24, 0xFF	; 255
    10ca:	9f ef       	ldi	r25, 0xFF	; 255
    10cc:	2c c0       	rjmp	.+88     	; 0x1126 <fputc+0x6e>
    10ce:	22 ff       	sbrs	r18, 2
    10d0:	16 c0       	rjmp	.+44     	; 0x10fe <fputc+0x46>
    10d2:	46 81       	ldd	r20, Z+6	; 0x06
    10d4:	57 81       	ldd	r21, Z+7	; 0x07
    10d6:	24 81       	ldd	r18, Z+4	; 0x04
    10d8:	35 81       	ldd	r19, Z+5	; 0x05
    10da:	42 17       	cp	r20, r18
    10dc:	53 07       	cpc	r21, r19
    10de:	44 f4       	brge	.+16     	; 0x10f0 <fputc+0x38>
    10e0:	a0 81       	ld	r26, Z
    10e2:	b1 81       	ldd	r27, Z+1	; 0x01
    10e4:	9d 01       	movw	r18, r26
    10e6:	2f 5f       	subi	r18, 0xFF	; 255
    10e8:	3f 4f       	sbci	r19, 0xFF	; 255
    10ea:	31 83       	std	Z+1, r19	; 0x01
    10ec:	20 83       	st	Z, r18
    10ee:	8c 93       	st	X, r24
    10f0:	26 81       	ldd	r18, Z+6	; 0x06
    10f2:	37 81       	ldd	r19, Z+7	; 0x07
    10f4:	2f 5f       	subi	r18, 0xFF	; 255
    10f6:	3f 4f       	sbci	r19, 0xFF	; 255
    10f8:	37 83       	std	Z+7, r19	; 0x07
    10fa:	26 83       	std	Z+6, r18	; 0x06
    10fc:	14 c0       	rjmp	.+40     	; 0x1126 <fputc+0x6e>
    10fe:	8b 01       	movw	r16, r22
    1100:	ec 01       	movw	r28, r24
    1102:	fb 01       	movw	r30, r22
    1104:	00 84       	ldd	r0, Z+8	; 0x08
    1106:	f1 85       	ldd	r31, Z+9	; 0x09
    1108:	e0 2d       	mov	r30, r0
    110a:	09 95       	icall
    110c:	89 2b       	or	r24, r25
    110e:	e1 f6       	brne	.-72     	; 0x10c8 <fputc+0x10>
    1110:	d8 01       	movw	r26, r16
    1112:	16 96       	adiw	r26, 0x06	; 6
    1114:	8d 91       	ld	r24, X+
    1116:	9c 91       	ld	r25, X
    1118:	17 97       	sbiw	r26, 0x07	; 7
    111a:	01 96       	adiw	r24, 0x01	; 1
    111c:	17 96       	adiw	r26, 0x07	; 7
    111e:	9c 93       	st	X, r25
    1120:	8e 93       	st	-X, r24
    1122:	16 97       	sbiw	r26, 0x06	; 6
    1124:	ce 01       	movw	r24, r28
    1126:	df 91       	pop	r29
    1128:	cf 91       	pop	r28
    112a:	1f 91       	pop	r17
    112c:	0f 91       	pop	r16
    112e:	08 95       	ret

00001130 <__ultoa_invert>:
    1130:	fa 01       	movw	r30, r20
    1132:	aa 27       	eor	r26, r26
    1134:	28 30       	cpi	r18, 0x08	; 8
    1136:	51 f1       	breq	.+84     	; 0x118c <__ultoa_invert+0x5c>
    1138:	20 31       	cpi	r18, 0x10	; 16
    113a:	81 f1       	breq	.+96     	; 0x119c <__ultoa_invert+0x6c>
    113c:	e8 94       	clt
    113e:	6f 93       	push	r22
    1140:	6e 7f       	andi	r22, 0xFE	; 254
    1142:	6e 5f       	subi	r22, 0xFE	; 254
    1144:	7f 4f       	sbci	r23, 0xFF	; 255
    1146:	8f 4f       	sbci	r24, 0xFF	; 255
    1148:	9f 4f       	sbci	r25, 0xFF	; 255
    114a:	af 4f       	sbci	r26, 0xFF	; 255
    114c:	b1 e0       	ldi	r27, 0x01	; 1
    114e:	3e d0       	rcall	.+124    	; 0x11cc <__ultoa_invert+0x9c>
    1150:	b4 e0       	ldi	r27, 0x04	; 4
    1152:	3c d0       	rcall	.+120    	; 0x11cc <__ultoa_invert+0x9c>
    1154:	67 0f       	add	r22, r23
    1156:	78 1f       	adc	r23, r24
    1158:	89 1f       	adc	r24, r25
    115a:	9a 1f       	adc	r25, r26
    115c:	a1 1d       	adc	r26, r1
    115e:	68 0f       	add	r22, r24
    1160:	79 1f       	adc	r23, r25
    1162:	8a 1f       	adc	r24, r26
    1164:	91 1d       	adc	r25, r1
    1166:	a1 1d       	adc	r26, r1
    1168:	6a 0f       	add	r22, r26
    116a:	71 1d       	adc	r23, r1
    116c:	81 1d       	adc	r24, r1
    116e:	91 1d       	adc	r25, r1
    1170:	a1 1d       	adc	r26, r1
    1172:	20 d0       	rcall	.+64     	; 0x11b4 <__ultoa_invert+0x84>
    1174:	09 f4       	brne	.+2      	; 0x1178 <__ultoa_invert+0x48>
    1176:	68 94       	set
    1178:	3f 91       	pop	r19
    117a:	2a e0       	ldi	r18, 0x0A	; 10
    117c:	26 9f       	mul	r18, r22
    117e:	11 24       	eor	r1, r1
    1180:	30 19       	sub	r19, r0
    1182:	30 5d       	subi	r19, 0xD0	; 208
    1184:	31 93       	st	Z+, r19
    1186:	de f6       	brtc	.-74     	; 0x113e <__ultoa_invert+0xe>
    1188:	cf 01       	movw	r24, r30
    118a:	08 95       	ret
    118c:	46 2f       	mov	r20, r22
    118e:	47 70       	andi	r20, 0x07	; 7
    1190:	40 5d       	subi	r20, 0xD0	; 208
    1192:	41 93       	st	Z+, r20
    1194:	b3 e0       	ldi	r27, 0x03	; 3
    1196:	0f d0       	rcall	.+30     	; 0x11b6 <__ultoa_invert+0x86>
    1198:	c9 f7       	brne	.-14     	; 0x118c <__ultoa_invert+0x5c>
    119a:	f6 cf       	rjmp	.-20     	; 0x1188 <__ultoa_invert+0x58>
    119c:	46 2f       	mov	r20, r22
    119e:	4f 70       	andi	r20, 0x0F	; 15
    11a0:	40 5d       	subi	r20, 0xD0	; 208
    11a2:	4a 33       	cpi	r20, 0x3A	; 58
    11a4:	18 f0       	brcs	.+6      	; 0x11ac <__ultoa_invert+0x7c>
    11a6:	49 5d       	subi	r20, 0xD9	; 217
    11a8:	31 fd       	sbrc	r19, 1
    11aa:	40 52       	subi	r20, 0x20	; 32
    11ac:	41 93       	st	Z+, r20
    11ae:	02 d0       	rcall	.+4      	; 0x11b4 <__ultoa_invert+0x84>
    11b0:	a9 f7       	brne	.-22     	; 0x119c <__ultoa_invert+0x6c>
    11b2:	ea cf       	rjmp	.-44     	; 0x1188 <__ultoa_invert+0x58>
    11b4:	b4 e0       	ldi	r27, 0x04	; 4
    11b6:	a6 95       	lsr	r26
    11b8:	97 95       	ror	r25
    11ba:	87 95       	ror	r24
    11bc:	77 95       	ror	r23
    11be:	67 95       	ror	r22
    11c0:	ba 95       	dec	r27
    11c2:	c9 f7       	brne	.-14     	; 0x11b6 <__ultoa_invert+0x86>
    11c4:	00 97       	sbiw	r24, 0x00	; 0
    11c6:	61 05       	cpc	r22, r1
    11c8:	71 05       	cpc	r23, r1
    11ca:	08 95       	ret
    11cc:	9b 01       	movw	r18, r22
    11ce:	ac 01       	movw	r20, r24
    11d0:	0a 2e       	mov	r0, r26
    11d2:	06 94       	lsr	r0
    11d4:	57 95       	ror	r21
    11d6:	47 95       	ror	r20
    11d8:	37 95       	ror	r19
    11da:	27 95       	ror	r18
    11dc:	ba 95       	dec	r27
    11de:	c9 f7       	brne	.-14     	; 0x11d2 <__ultoa_invert+0xa2>
    11e0:	62 0f       	add	r22, r18
    11e2:	73 1f       	adc	r23, r19
    11e4:	84 1f       	adc	r24, r20
    11e6:	95 1f       	adc	r25, r21
    11e8:	a0 1d       	adc	r26, r0
    11ea:	08 95       	ret

000011ec <__prologue_saves__>:
    11ec:	2f 92       	push	r2
    11ee:	3f 92       	push	r3
    11f0:	4f 92       	push	r4
    11f2:	5f 92       	push	r5
    11f4:	6f 92       	push	r6
    11f6:	7f 92       	push	r7
    11f8:	8f 92       	push	r8
    11fa:	9f 92       	push	r9
    11fc:	af 92       	push	r10
    11fe:	bf 92       	push	r11
    1200:	cf 92       	push	r12
    1202:	df 92       	push	r13
    1204:	ef 92       	push	r14
    1206:	ff 92       	push	r15
    1208:	0f 93       	push	r16
    120a:	1f 93       	push	r17
    120c:	cf 93       	push	r28
    120e:	df 93       	push	r29
    1210:	cd b7       	in	r28, 0x3d	; 61
    1212:	de b7       	in	r29, 0x3e	; 62
    1214:	ca 1b       	sub	r28, r26
    1216:	db 0b       	sbc	r29, r27
    1218:	0f b6       	in	r0, 0x3f	; 63
    121a:	f8 94       	cli
    121c:	de bf       	out	0x3e, r29	; 62
    121e:	0f be       	out	0x3f, r0	; 63
    1220:	cd bf       	out	0x3d, r28	; 61
    1222:	09 94       	ijmp

00001224 <__epilogue_restores__>:
    1224:	2a 88       	ldd	r2, Y+18	; 0x12
    1226:	39 88       	ldd	r3, Y+17	; 0x11
    1228:	48 88       	ldd	r4, Y+16	; 0x10
    122a:	5f 84       	ldd	r5, Y+15	; 0x0f
    122c:	6e 84       	ldd	r6, Y+14	; 0x0e
    122e:	7d 84       	ldd	r7, Y+13	; 0x0d
    1230:	8c 84       	ldd	r8, Y+12	; 0x0c
    1232:	9b 84       	ldd	r9, Y+11	; 0x0b
    1234:	aa 84       	ldd	r10, Y+10	; 0x0a
    1236:	b9 84       	ldd	r11, Y+9	; 0x09
    1238:	c8 84       	ldd	r12, Y+8	; 0x08
    123a:	df 80       	ldd	r13, Y+7	; 0x07
    123c:	ee 80       	ldd	r14, Y+6	; 0x06
    123e:	fd 80       	ldd	r15, Y+5	; 0x05
    1240:	0c 81       	ldd	r16, Y+4	; 0x04
    1242:	1b 81       	ldd	r17, Y+3	; 0x03
    1244:	aa 81       	ldd	r26, Y+2	; 0x02
    1246:	b9 81       	ldd	r27, Y+1	; 0x01
    1248:	ce 0f       	add	r28, r30
    124a:	d1 1d       	adc	r29, r1
    124c:	0f b6       	in	r0, 0x3f	; 63
    124e:	f8 94       	cli
    1250:	de bf       	out	0x3e, r29	; 62
    1252:	0f be       	out	0x3f, r0	; 63
    1254:	cd bf       	out	0x3d, r28	; 61
    1256:	ed 01       	movw	r28, r26
    1258:	08 95       	ret

0000125a <_exit>:
    125a:	f8 94       	cli

0000125c <__stop_program>:
    125c:	ff cf       	rjmp	.-2      	; 0x125c <__stop_program>
